/*
 Navicat Premium Data Transfer

 Source Server         : local
 Source Server Type    : MySQL
 Source Server Version : 80030 (8.0.30)
 Source Host           : localhost:3306
 Source Schema         : db_transport_security

 Target Server Type    : MySQL
 Target Server Version : 80030 (8.0.30)
 File Encoding         : 65001

 Date: 14/05/2023 16:08:28
*/

SET NAMES utf8mb4;
SET FOREIGN_KEY_CHECKS = 0;

-- ----------------------------
-- Table structure for tbl_accident
-- ----------------------------
DROP TABLE IF EXISTS `tbl_accident`;
CREATE TABLE `tbl_accident`  (
  `id` int UNSIGNED NOT NULL AUTO_INCREMENT COMMENT '主键id',
  `lng` decimal(10, 5) NULL DEFAULT NULL COMMENT '经度',
  `lat` decimal(10, 5) NULL DEFAULT NULL COMMENT '纬度',
  `vehicle_id` int NULL DEFAULT NULL COMMENT '车辆id',
  `resolve_state` int NULL DEFAULT NULL COMMENT '处理状态，0：待处理，1：处理完成，2：处理中',
  `create_time` datetime NOT NULL DEFAULT CURRENT_TIMESTAMP COMMENT '创建时间',
  `update_time` datetime NULL DEFAULT CURRENT_TIMESTAMP ON UPDATE CURRENT_TIMESTAMP COMMENT '更新时间',
  PRIMARY KEY (`id`) USING BTREE
) ENGINE = InnoDB AUTO_INCREMENT = 28 CHARACTER SET = utf8mb4 COLLATE = utf8mb4_0900_ai_ci ROW_FORMAT = Dynamic;

-- ----------------------------
-- Records of tbl_accident
-- ----------------------------
INSERT INTO `tbl_accident` VALUES (26, 119.51222, 32.20090, 13, 0, '2023-05-13 15:58:11', '2023-05-14 15:13:14');
INSERT INTO `tbl_accident` VALUES (27, 119.51222, 32.20090, 13, 1, '2023-05-13 15:58:11', '2023-05-13 17:14:07');

-- ----------------------------
-- Table structure for tbl_ax
-- ----------------------------
DROP TABLE IF EXISTS `tbl_ax`;
CREATE TABLE `tbl_ax`  (
  `id` int UNSIGNED NOT NULL AUTO_INCREMENT COMMENT '主键id',
  `ax` double NULL DEFAULT NULL COMMENT '横向加速度',
  `accident_id` int NULL DEFAULT NULL COMMENT '事故信息id',
  `create_time` datetime NULL DEFAULT CURRENT_TIMESTAMP COMMENT '创建时间',
  `update_time` datetime NULL DEFAULT CURRENT_TIMESTAMP ON UPDATE CURRENT_TIMESTAMP COMMENT '更新时间',
  PRIMARY KEY (`id`) USING BTREE
) ENGINE = InnoDB AUTO_INCREMENT = 4220 CHARACTER SET = utf8mb4 COLLATE = utf8mb4_0900_ai_ci ROW_FORMAT = Dynamic;

-- ----------------------------
-- Records of tbl_ax
-- ----------------------------
INSERT INTO `tbl_ax` VALUES (3618, 0, 26, '2023-05-13 15:58:11', '2023-05-13 15:58:11');
INSERT INTO `tbl_ax` VALUES (3619, -0.335, 26, '2023-05-13 15:58:11', '2023-05-13 15:58:11');
INSERT INTO `tbl_ax` VALUES (3620, -0.37614, 26, '2023-05-13 15:58:11', '2023-05-13 15:58:11');
INSERT INTO `tbl_ax` VALUES (3621, -0.37614, 26, '2023-05-13 15:58:11', '2023-05-13 15:58:11');
INSERT INTO `tbl_ax` VALUES (3622, -0.21155, 26, '2023-05-13 15:58:11', '2023-05-13 15:58:11');
INSERT INTO `tbl_ax` VALUES (3623, -0.335, 26, '2023-05-13 15:58:11', '2023-05-13 15:58:11');
INSERT INTO `tbl_ax` VALUES (3624, -0.335, 26, '2023-05-13 15:58:11', '2023-05-13 15:58:11');
INSERT INTO `tbl_ax` VALUES (3625, -0.43787, 26, '2023-05-13 15:58:11', '2023-05-13 15:58:11');
INSERT INTO `tbl_ax` VALUES (3626, -0.335, 26, '2023-05-13 15:58:11', '2023-05-13 15:58:11');
INSERT INTO `tbl_ax` VALUES (3627, -0.1704, 26, '2023-05-13 15:58:11', '2023-05-13 15:58:11');
INSERT INTO `tbl_ax` VALUES (3628, -0.37614, 26, '2023-05-13 15:58:11', '2023-05-13 15:58:11');
INSERT INTO `tbl_ax` VALUES (3629, -1.34315, 26, '2023-05-13 15:58:11', '2023-05-13 15:58:11');
INSERT INTO `tbl_ax` VALUES (3630, -2.08384, 26, '2023-05-13 15:58:11', '2023-05-13 15:58:11');
INSERT INTO `tbl_ax` VALUES (3631, -3.13314, 26, '2023-05-13 15:58:11', '2023-05-13 15:58:11');
INSERT INTO `tbl_ax` VALUES (3632, -4.10015, 26, '2023-05-13 15:58:11', '2023-05-13 15:58:11');
INSERT INTO `tbl_ax` VALUES (3633, -4.47049, 26, '2023-05-13 15:58:11', '2023-05-13 15:58:11');
INSERT INTO `tbl_ax` VALUES (3634, -3.77096, 26, '2023-05-13 15:58:11', '2023-05-13 15:58:11');
INSERT INTO `tbl_ax` VALUES (3635, -2.86567, 26, '2023-05-13 15:58:11', '2023-05-13 15:58:11');
INSERT INTO `tbl_ax` VALUES (3636, -1.75464, 26, '2023-05-13 15:58:11', '2023-05-13 15:58:11');
INSERT INTO `tbl_ax` VALUES (3637, -0.95223, 26, '2023-05-13 15:58:11', '2023-05-13 15:58:11');
INSERT INTO `tbl_ax` VALUES (3638, -1.48717, 26, '2023-05-13 15:58:11', '2023-05-13 15:58:11');
INSERT INTO `tbl_ax` VALUES (3639, -2.72165, 26, '2023-05-13 15:58:11', '2023-05-13 15:58:11');
INSERT INTO `tbl_ax` VALUES (3640, -3.77096, 26, '2023-05-13 15:58:11', '2023-05-13 15:58:11');
INSERT INTO `tbl_ax` VALUES (3641, -4.63509, 26, '2023-05-13 15:58:11', '2023-05-13 15:58:11');
INSERT INTO `tbl_ax` VALUES (3642, -5.74612, 26, '2023-05-13 15:58:11', '2023-05-13 15:58:11');
INSERT INTO `tbl_ax` VALUES (3643, -6.69255, 26, '2023-05-13 15:58:11', '2023-05-13 15:58:11');
INSERT INTO `tbl_ax` VALUES (3644, -7.92703, 26, '2023-05-13 15:58:11', '2023-05-13 15:58:11');
INSERT INTO `tbl_ax` VALUES (3645, -9.34667, 26, '2023-05-13 15:58:11', '2023-05-13 15:58:11');
INSERT INTO `tbl_ax` VALUES (3646, -10.35483, 26, '2023-05-13 15:58:11', '2023-05-13 15:58:11');
INSERT INTO `tbl_ax` VALUES (3647, -11.48643, 26, '2023-05-13 15:58:11', '2023-05-13 15:58:11');
INSERT INTO `tbl_ax` VALUES (3648, -12.70033, 26, '2023-05-13 15:58:11', '2023-05-13 15:58:11');
INSERT INTO `tbl_ax` VALUES (3649, -13.64677, 26, '2023-05-13 15:58:11', '2023-05-13 15:58:11');
INSERT INTO `tbl_ax` VALUES (3650, -14.65492, 26, '2023-05-13 15:58:11', '2023-05-13 15:58:11');
INSERT INTO `tbl_ax` VALUES (3651, -17.90571, 26, '2023-05-13 15:58:11', '2023-05-13 15:58:11');
INSERT INTO `tbl_ax` VALUES (3652, -15.51906, 26, '2023-05-13 15:58:11', '2023-05-13 15:58:11');
INSERT INTO `tbl_ax` VALUES (3653, -16.73296, 26, '2023-05-13 15:58:11', '2023-05-13 15:58:11');
INSERT INTO `tbl_ax` VALUES (3654, -19.983749, 26, '2023-05-13 15:58:11', '2023-05-13 15:58:11');
INSERT INTO `tbl_ax` VALUES (3655, -18.91387, 26, '2023-05-13 15:58:11', '2023-05-13 15:58:11');
INSERT INTO `tbl_ax` VALUES (3656, -21.13592, 26, '2023-05-13 15:58:11', '2023-05-13 15:58:11');
INSERT INTO `tbl_ax` VALUES (3657, -21.403391, 26, '2023-05-13 15:58:11', '2023-05-13 15:58:11');
INSERT INTO `tbl_ax` VALUES (3658, -20.251221, 26, '2023-05-13 15:58:11', '2023-05-13 15:58:11');
INSERT INTO `tbl_ax` VALUES (3659, -19.448811, 26, '2023-05-13 15:58:11', '2023-05-13 15:58:11');
INSERT INTO `tbl_ax` VALUES (3660, -18.378929, 26, '2023-05-13 15:58:11', '2023-05-13 15:58:11');
INSERT INTO `tbl_ax` VALUES (3661, -17.37077, 26, '2023-05-13 15:58:11', '2023-05-13 15:58:11');
INSERT INTO `tbl_ax` VALUES (3662, -16.46549, 26, '2023-05-13 15:58:11', '2023-05-13 15:58:11');
INSERT INTO `tbl_ax` VALUES (3663, -14.28458, 26, '2023-05-13 15:58:11', '2023-05-13 15:58:11');
INSERT INTO `tbl_ax` VALUES (3664, -15.25159, 26, '2023-05-13 15:58:11', '2023-05-13 15:58:11');
INSERT INTO `tbl_ax` VALUES (3665, -13.23527, 26, '2023-05-13 15:58:11', '2023-05-13 15:58:11');
INSERT INTO `tbl_ax` VALUES (3666, -12.12425, 26, '2023-05-13 15:58:11', '2023-05-13 15:58:11');
INSERT INTO `tbl_ax` VALUES (3667, -10.99264, 26, '2023-05-13 15:58:11', '2023-05-13 15:58:11');
INSERT INTO `tbl_ax` VALUES (3668, -9.61414, 26, '2023-05-13 15:58:11', '2023-05-13 15:58:11');
INSERT INTO `tbl_ax` VALUES (3669, -8.50311, 26, '2023-05-13 15:58:11', '2023-05-13 15:58:11');
INSERT INTO `tbl_ax` VALUES (3670, -7.59783, 26, '2023-05-13 15:58:11', '2023-05-13 15:58:11');
INSERT INTO `tbl_ax` VALUES (3671, -8.87346, 26, '2023-05-13 15:58:11', '2023-05-13 15:58:11');
INSERT INTO `tbl_ax` VALUES (3672, -12.90608, 26, '2023-05-13 15:58:11', '2023-05-13 15:58:11');
INSERT INTO `tbl_ax` VALUES (3673, -9.98449, 26, '2023-05-13 15:58:11', '2023-05-13 15:58:11');
INSERT INTO `tbl_ax` VALUES (3674, -11.21896, 26, '2023-05-13 15:58:11', '2023-05-13 15:58:11');
INSERT INTO `tbl_ax` VALUES (3675, -12.12425, 26, '2023-05-13 15:58:11', '2023-05-13 15:58:11');
INSERT INTO `tbl_ax` VALUES (3676, -7.65956, 26, '2023-05-13 15:58:11', '2023-05-13 15:58:11');
INSERT INTO `tbl_ax` VALUES (3677, -13.87309, 26, '2023-05-13 15:58:11', '2023-05-13 15:58:11');
INSERT INTO `tbl_ax` VALUES (3678, -14.71665, 26, '2023-05-13 15:58:11', '2023-05-13 15:58:11');
INSERT INTO `tbl_ax` VALUES (3679, -21.629709, 26, '2023-05-13 15:58:11', '2023-05-13 15:58:11');
INSERT INTO `tbl_ax` VALUES (3680, -19.48996, 26, '2023-05-13 15:58:11', '2023-05-13 15:58:11');
INSERT INTO `tbl_ax` VALUES (3681, -17.576521, 26, '2023-05-13 15:58:11', '2023-05-13 15:58:11');
INSERT INTO `tbl_ax` VALUES (3682, -15.68365, 26, '2023-05-13 15:58:11', '2023-05-13 15:58:11');
INSERT INTO `tbl_ax` VALUES (3683, -22.67902, 26, '2023-05-13 15:58:11', '2023-05-13 15:58:11');
INSERT INTO `tbl_ax` VALUES (3684, -20.49811, 26, '2023-05-13 15:58:11', '2023-05-13 15:58:11');
INSERT INTO `tbl_ax` VALUES (3685, -16.691811, 26, '2023-05-13 15:58:11', '2023-05-13 15:58:11');
INSERT INTO `tbl_ax` VALUES (3686, -18.4818, 26, '2023-05-13 15:58:11', '2023-05-13 15:58:11');
INSERT INTO `tbl_ax` VALUES (3687, -28.583929, 26, '2023-05-13 15:58:11', '2023-05-13 15:58:11');
INSERT INTO `tbl_ax` VALUES (3688, -26.07383, 26, '2023-05-13 15:58:11', '2023-05-13 15:58:11');
INSERT INTO `tbl_ax` VALUES (3689, -27.24658, 26, '2023-05-13 15:58:11', '2023-05-13 15:58:11');
INSERT INTO `tbl_ax` VALUES (3690, -24.818781, 26, '2023-05-13 15:58:11', '2023-05-13 15:58:11');
INSERT INTO `tbl_ax` VALUES (3691, -23.64603, 26, '2023-05-13 15:58:11', '2023-05-13 15:58:11');
INSERT INTO `tbl_ax` VALUES (3692, -29.85956, 26, '2023-05-13 15:58:11', '2023-05-13 15:58:11');
INSERT INTO `tbl_ax` VALUES (3693, -32.04047, 26, '2023-05-13 15:58:11', '2023-05-13 15:58:11');
INSERT INTO `tbl_ax` VALUES (3694, -31.07346, 26, '2023-05-13 15:58:11', '2023-05-13 15:58:11');
INSERT INTO `tbl_ax` VALUES (3695, -32.8223, 26, '2023-05-13 15:58:11', '2023-05-13 15:58:11');
INSERT INTO `tbl_ax` VALUES (3696, -31.711269, 26, '2023-05-13 15:58:11', '2023-05-13 15:58:11');
INSERT INTO `tbl_ax` VALUES (3697, -30.64139, 26, '2023-05-13 15:58:11', '2023-05-13 15:58:11');
INSERT INTO `tbl_ax` VALUES (3698, -30.00358, 26, '2023-05-13 15:58:11', '2023-05-13 15:58:11');
INSERT INTO `tbl_ax` VALUES (3699, -28.954269, 26, '2023-05-13 15:58:11', '2023-05-13 15:58:11');
INSERT INTO `tbl_ax` VALUES (3700, -27.98727, 26, '2023-05-13 15:58:11', '2023-05-13 15:58:11');
INSERT INTO `tbl_ax` VALUES (3701, -26.93796, 26, '2023-05-13 15:58:11', '2023-05-13 15:58:11');
INSERT INTO `tbl_ax` VALUES (3702, -26.197281, 26, '2023-05-13 15:58:11', '2023-05-13 15:58:11');
INSERT INTO `tbl_ax` VALUES (3703, -25.127399, 26, '2023-05-13 15:58:11', '2023-05-13 15:58:11');
INSERT INTO `tbl_ax` VALUES (3704, -23.9135, 26, '2023-05-13 15:58:11', '2023-05-13 15:58:11');
INSERT INTO `tbl_ax` VALUES (3705, -22.781891, 26, '2023-05-13 15:58:11', '2023-05-13 15:58:11');
INSERT INTO `tbl_ax` VALUES (3706, -21.629709, 26, '2023-05-13 15:58:11', '2023-05-13 15:58:11');
INSERT INTO `tbl_ax` VALUES (3707, -20.86845, 26, '2023-05-13 15:58:11', '2023-05-13 15:58:11');
INSERT INTO `tbl_ax` VALUES (3708, -19.819151, 26, '2023-05-13 15:58:11', '2023-05-13 15:58:11');
INSERT INTO `tbl_ax` VALUES (3709, -11.58931, 26, '2023-05-13 15:58:11', '2023-05-13 15:58:11');
INSERT INTO `tbl_ax` VALUES (3710, -17.802839, 26, '2023-05-13 15:58:11', '2023-05-13 15:58:11');
INSERT INTO `tbl_ax` VALUES (3711, -16.9387, 26, '2023-05-13 15:58:11', '2023-05-13 15:58:11');
INSERT INTO `tbl_ax` VALUES (3712, -16.259741, 26, '2023-05-13 15:58:11', '2023-05-13 15:58:11');
INSERT INTO `tbl_ax` VALUES (3713, -15.35446, 26, '2023-05-13 15:58:11', '2023-05-13 15:58:11');
INSERT INTO `tbl_ax` VALUES (3714, -14.65492, 26, '2023-05-13 15:58:11', '2023-05-13 15:58:11');
INSERT INTO `tbl_ax` VALUES (3715, -13.97596, 26, '2023-05-13 15:58:11', '2023-05-13 15:58:11');
INSERT INTO `tbl_ax` VALUES (3716, -12.63861, 26, '2023-05-13 15:58:11', '2023-05-13 15:58:11');
INSERT INTO `tbl_ax` VALUES (3717, -18.749269, 26, '2023-05-13 15:58:11', '2023-05-13 15:58:11');
INSERT INTO `tbl_ax` VALUES (3718, -10.7869, 26, '2023-05-13 15:58:11', '2023-05-13 15:58:11');
INSERT INTO `tbl_ax` VALUES (3719, -9.84046, 26, '2023-05-13 15:58:11', '2023-05-13 15:58:11');
INSERT INTO `tbl_ax` VALUES (3720, -10.58115, 26, '2023-05-13 15:58:11', '2023-05-13 15:58:11');
INSERT INTO `tbl_ax` VALUES (3721, -11.69218, 26, '2023-05-13 15:58:11', '2023-05-13 15:58:11');
INSERT INTO `tbl_ax` VALUES (3722, -13.00895, 26, '2023-05-13 15:58:11', '2023-05-13 15:58:11');
INSERT INTO `tbl_ax` VALUES (3723, -14.24343, 26, '2023-05-13 15:58:11', '2023-05-13 15:58:11');
INSERT INTO `tbl_ax` VALUES (3724, -15.25159, 26, '2023-05-13 15:58:11', '2023-05-13 15:58:11');
INSERT INTO `tbl_ax` VALUES (3725, -16.30089, 26, '2023-05-13 15:58:11', '2023-05-13 15:58:11');
INSERT INTO `tbl_ax` VALUES (3726, -17.53537, 26, '2023-05-13 15:58:11', '2023-05-13 15:58:11');
INSERT INTO `tbl_ax` VALUES (3727, -18.749269, 26, '2023-05-13 15:58:11', '2023-05-13 15:58:11');
INSERT INTO `tbl_ax` VALUES (3728, -21.835461, 26, '2023-05-13 15:58:11', '2023-05-13 15:58:11');
INSERT INTO `tbl_ax` VALUES (3729, -21.033051, 26, '2023-05-13 15:58:11', '2023-05-13 15:58:11');
INSERT INTO `tbl_ax` VALUES (3730, -19.92202, 26, '2023-05-13 15:58:11', '2023-05-13 15:58:11');
INSERT INTO `tbl_ax` VALUES (3731, -22.84362, 26, '2023-05-13 15:58:11', '2023-05-13 15:58:11');
INSERT INTO `tbl_ax` VALUES (3732, -22.576151, 26, '2023-05-13 15:58:11', '2023-05-13 15:58:11');
INSERT INTO `tbl_ax` VALUES (3733, -21.567989, 26, '2023-05-13 15:58:11', '2023-05-13 15:58:11');
INSERT INTO `tbl_ax` VALUES (3734, -20.29237, 26, '2023-05-13 15:58:11', '2023-05-13 15:58:11');
INSERT INTO `tbl_ax` VALUES (3735, -18.91387, 26, '2023-05-13 15:58:11', '2023-05-13 15:58:11');
INSERT INTO `tbl_ax` VALUES (3736, -18.214331, 26, '2023-05-13 15:58:11', '2023-05-13 15:58:11');
INSERT INTO `tbl_ax` VALUES (3737, -17.32962, 26, '2023-05-13 15:58:11', '2023-05-13 15:58:11');
INSERT INTO `tbl_ax` VALUES (3738, -16.15687, 26, '2023-05-13 15:58:11', '2023-05-13 15:58:11');
INSERT INTO `tbl_ax` VALUES (3739, -15.18986, 26, '2023-05-13 15:58:11', '2023-05-13 15:58:11');
INSERT INTO `tbl_ax` VALUES (3740, -14.18171, 26, '2023-05-13 15:58:11', '2023-05-13 15:58:11');
INSERT INTO `tbl_ax` VALUES (3741, -13.33815, 26, '2023-05-13 15:58:11', '2023-05-13 15:58:11');
INSERT INTO `tbl_ax` VALUES (3742, -12.49459, 26, '2023-05-13 15:58:11', '2023-05-13 15:58:11');
INSERT INTO `tbl_ax` VALUES (3743, -11.69218, 26, '2023-05-13 15:58:11', '2023-05-13 15:58:11');
INSERT INTO `tbl_ax` VALUES (3744, -19.078461, 26, '2023-05-13 15:58:11', '2023-05-13 15:58:11');
INSERT INTO `tbl_ax` VALUES (3745, -13.33815, 26, '2023-05-13 15:58:11', '2023-05-13 15:58:11');
INSERT INTO `tbl_ax` VALUES (3746, -14.28458, 26, '2023-05-13 15:58:11', '2023-05-13 15:58:11');
INSERT INTO `tbl_ax` VALUES (3747, -12.49459, 26, '2023-05-13 15:58:11', '2023-05-13 15:58:11');
INSERT INTO `tbl_ax` VALUES (3748, -16.259741, 26, '2023-05-13 15:58:11', '2023-05-13 15:58:11');
INSERT INTO `tbl_ax` VALUES (3749, -17.2679, 26, '2023-05-13 15:58:11', '2023-05-13 15:58:11');
INSERT INTO `tbl_ax` VALUES (3750, -17.802839, 26, '2023-05-13 15:58:11', '2023-05-13 15:58:11');
INSERT INTO `tbl_ax` VALUES (3751, -22.000059, 26, '2023-05-13 15:58:11', '2023-05-13 15:58:11');
INSERT INTO `tbl_ax` VALUES (3752, -19.819151, 26, '2023-05-13 15:58:11', '2023-05-13 15:58:11');
INSERT INTO `tbl_ax` VALUES (3753, -20.765579, 26, '2023-05-13 15:58:11', '2023-05-13 15:58:11');
INSERT INTO `tbl_ax` VALUES (3754, -15.56021, 26, '2023-05-13 15:58:11', '2023-05-13 15:58:11');
INSERT INTO `tbl_ax` VALUES (3755, -23.48143, 26, '2023-05-13 15:58:11', '2023-05-13 15:58:11');
INSERT INTO `tbl_ax` VALUES (3756, -24.654181, 26, '2023-05-13 15:58:11', '2023-05-13 15:58:11');
INSERT INTO `tbl_ax` VALUES (3757, -26.13555, 26, '2023-05-13 15:58:11', '2023-05-13 15:58:11');
INSERT INTO `tbl_ax` VALUES (3758, -27.143709, 26, '2023-05-13 15:58:11', '2023-05-13 15:58:11');
INSERT INTO `tbl_ax` VALUES (3759, -28.213591, 26, '2023-05-13 15:58:11', '2023-05-13 15:58:11');
INSERT INTO `tbl_ax` VALUES (3760, -30.703119, 26, '2023-05-13 15:58:11', '2023-05-13 15:58:11');
INSERT INTO `tbl_ax` VALUES (3761, -29.48921, 26, '2023-05-13 15:58:11', '2023-05-13 15:58:11');
INSERT INTO `tbl_ax` VALUES (3762, -31.978741, 26, '2023-05-13 15:58:11', '2023-05-13 15:58:11');
INSERT INTO `tbl_ax` VALUES (3763, -33.028049, 26, '2023-05-13 15:58:11', '2023-05-13 15:58:11');
INSERT INTO `tbl_ax` VALUES (3764, -34.200802, 26, '2023-05-13 15:58:11', '2023-05-13 15:58:11');
INSERT INTO `tbl_ax` VALUES (3765, -36.649181, 26, '2023-05-13 15:58:11', '2023-05-13 15:58:11');
INSERT INTO `tbl_ax` VALUES (3766, -37.760208, 26, '2023-05-13 15:58:11', '2023-05-13 15:58:11');
INSERT INTO `tbl_ax` VALUES (3767, -35.476429, 26, '2023-05-13 15:58:11', '2023-05-13 15:58:11');
INSERT INTO `tbl_ax` VALUES (3768, -39.035831, 26, '2023-05-13 15:58:11', '2023-05-13 15:58:11');
INSERT INTO `tbl_ax` VALUES (3769, -37.492741, 26, '2023-05-13 15:58:11', '2023-05-13 15:58:11');
INSERT INTO `tbl_ax` VALUES (3770, -38.603771, 26, '2023-05-13 15:58:11', '2023-05-13 15:58:11');
INSERT INTO `tbl_ax` VALUES (3771, -32.8223, 26, '2023-05-13 15:58:11', '2023-05-13 15:58:11');
INSERT INTO `tbl_ax` VALUES (3772, -35.949638, 26, '2023-05-13 15:58:11', '2023-05-13 15:58:11');
INSERT INTO `tbl_ax` VALUES (3773, -34.900341, 26, '2023-05-13 15:58:11', '2023-05-13 15:58:11');
INSERT INTO `tbl_ax` VALUES (3774, -33.933331, 26, '2023-05-13 15:58:11', '2023-05-13 15:58:11');
INSERT INTO `tbl_ax` VALUES (3775, -36.710899, 26, '2023-05-13 15:58:11', '2023-05-13 15:58:11');
INSERT INTO `tbl_ax` VALUES (3776, -29.962429, 26, '2023-05-13 15:58:11', '2023-05-13 15:58:11');
INSERT INTO `tbl_ax` VALUES (3777, -30.74427, 26, '2023-05-13 15:58:11', '2023-05-13 15:58:11');
INSERT INTO `tbl_ax` VALUES (3778, -31.6084, 26, '2023-05-13 15:58:11', '2023-05-13 15:58:11');
INSERT INTO `tbl_ax` VALUES (3779, -28.8514, 26, '2023-05-13 15:58:11', '2023-05-13 15:58:11');
INSERT INTO `tbl_ax` VALUES (3780, -27.82267, 26, '2023-05-13 15:58:11', '2023-05-13 15:58:11');
INSERT INTO `tbl_ax` VALUES (3781, -26.711639, 26, '2023-05-13 15:58:11', '2023-05-13 15:58:11');
INSERT INTO `tbl_ax` VALUES (3782, -25.43602, 26, '2023-05-13 15:58:11', '2023-05-13 15:58:11');
INSERT INTO `tbl_ax` VALUES (3783, -24.05752, 26, '2023-05-13 15:58:11', '2023-05-13 15:58:11');
INSERT INTO `tbl_ax` VALUES (3784, -22.10293, 26, '2023-05-13 15:58:11', '2023-05-13 15:58:11');
INSERT INTO `tbl_ax` VALUES (3785, -23.213961, 26, '2023-05-13 15:58:11', '2023-05-13 15:58:11');
INSERT INTO `tbl_ax` VALUES (3786, -20.765579, 26, '2023-05-13 15:58:11', '2023-05-13 15:58:11');
INSERT INTO `tbl_ax` VALUES (3787, -19.325359, 26, '2023-05-13 15:58:11', '2023-05-13 15:58:11');
INSERT INTO `tbl_ax` VALUES (3788, -19.55168, 26, '2023-05-13 15:58:11', '2023-05-13 15:58:11');
INSERT INTO `tbl_ax` VALUES (3789, -20.66271, 26, '2023-05-13 15:58:11', '2023-05-13 15:58:11');
INSERT INTO `tbl_ax` VALUES (3790, -21.60914, 26, '2023-05-13 15:58:11', '2023-05-13 15:58:11');
INSERT INTO `tbl_ax` VALUES (3791, -22.67902, 26, '2023-05-13 15:58:11', '2023-05-13 15:58:11');
INSERT INTO `tbl_ax` VALUES (3792, -23.64603, 26, '2023-05-13 15:58:11', '2023-05-13 15:58:11');
INSERT INTO `tbl_ax` VALUES (3793, -24.48959, 26, '2023-05-13 15:58:11', '2023-05-13 15:58:11');
INSERT INTO `tbl_ax` VALUES (3794, -24.160391, 26, '2023-05-13 15:58:11', '2023-05-13 15:58:11');
INSERT INTO `tbl_ax` VALUES (3795, -23.152241, 26, '2023-05-13 15:58:11', '2023-05-13 15:58:11');
INSERT INTO `tbl_ax` VALUES (3796, -22.51442, 26, '2023-05-13 15:58:11', '2023-05-13 15:58:11');
INSERT INTO `tbl_ax` VALUES (3797, -23.378559, 26, '2023-05-13 15:58:11', '2023-05-13 15:58:11');
INSERT INTO `tbl_ax` VALUES (3798, -24.160391, 26, '2023-05-13 15:58:11', '2023-05-13 15:58:11');
INSERT INTO `tbl_ax` VALUES (3799, -24.901079, 26, '2023-05-13 15:58:11', '2023-05-13 15:58:11');
INSERT INTO `tbl_ax` VALUES (3800, -26.13555, 26, '2023-05-13 15:58:11', '2023-05-13 15:58:11');
INSERT INTO `tbl_ax` VALUES (3801, -26.60877, 26, '2023-05-13 15:58:11', '2023-05-13 15:58:11');
INSERT INTO `tbl_ax` VALUES (3802, -27.24658, 26, '2023-05-13 15:58:11', '2023-05-13 15:58:11');
INSERT INTO `tbl_ax` VALUES (3803, -28.31646, 26, '2023-05-13 15:58:11', '2023-05-13 15:58:11');
INSERT INTO `tbl_ax` VALUES (3804, -29.592091, 26, '2023-05-13 15:58:11', '2023-05-13 15:58:11');
INSERT INTO `tbl_ax` VALUES (3805, -30.74427, 26, '2023-05-13 15:58:11', '2023-05-13 15:58:11');
INSERT INTO `tbl_ax` VALUES (3806, -30.16818, 26, '2023-05-13 15:58:11', '2023-05-13 15:58:11');
INSERT INTO `tbl_ax` VALUES (3807, -27.719801, 26, '2023-05-13 15:58:11', '2023-05-13 15:58:11');
INSERT INTO `tbl_ax` VALUES (3808, -28.99542, 26, '2023-05-13 15:58:11', '2023-05-13 15:58:11');
INSERT INTO `tbl_ax` VALUES (3809, -26.773371, 26, '2023-05-13 15:58:11', '2023-05-13 15:58:11');
INSERT INTO `tbl_ax` VALUES (3810, -25.92981, 26, '2023-05-13 15:58:11', '2023-05-13 15:58:11');
INSERT INTO `tbl_ax` VALUES (3811, -24.901079, 26, '2023-05-13 15:58:11', '2023-05-13 15:58:11');
INSERT INTO `tbl_ax` VALUES (3812, -25.80636, 26, '2023-05-13 15:58:11', '2023-05-13 15:58:11');
INSERT INTO `tbl_ax` VALUES (3813, -26.93796, 26, '2023-05-13 15:58:11', '2023-05-13 15:58:11');
INSERT INTO `tbl_ax` VALUES (3814, -27.884399, 26, '2023-05-13 15:58:11', '2023-05-13 15:58:11');
INSERT INTO `tbl_ax` VALUES (3815, -28.46048, 26, '2023-05-13 15:58:11', '2023-05-13 15:58:11');
INSERT INTO `tbl_ax` VALUES (3816, -27.41118, 26, '2023-05-13 15:58:11', '2023-05-13 15:58:11');
INSERT INTO `tbl_ax` VALUES (3817, -26.403021, 26, '2023-05-13 15:58:11', '2023-05-13 15:58:11');
INSERT INTO `tbl_ax` VALUES (3818, -25.49774, 26, '2023-05-13 15:58:11', '2023-05-13 15:58:11');
INSERT INTO `tbl_ax` VALUES (3819, -24.160391, 26, '2023-05-13 15:58:11', '2023-05-13 15:58:11');
INSERT INTO `tbl_ax` VALUES (3820, -24.85993, 26, '2023-05-13 15:58:11', '2023-05-13 15:58:11');
INSERT INTO `tbl_ax` VALUES (3821, -23.378559, 26, '2023-05-13 15:58:11', '2023-05-13 15:58:11');
INSERT INTO `tbl_ax` VALUES (3822, -22.24695, 26, '2023-05-13 15:58:11', '2023-05-13 15:58:11');
INSERT INTO `tbl_ax` VALUES (3823, -23.31683, 26, '2023-05-13 15:58:11', '2023-05-13 15:58:11');
INSERT INTO `tbl_ax` VALUES (3824, -24.85993, 26, '2023-05-13 15:58:11', '2023-05-13 15:58:11');
INSERT INTO `tbl_ax` VALUES (3825, -25.92981, 26, '2023-05-13 15:58:11', '2023-05-13 15:58:11');
INSERT INTO `tbl_ax` VALUES (3826, -27.45233, 26, '2023-05-13 15:58:11', '2023-05-13 15:58:11');
INSERT INTO `tbl_ax` VALUES (3827, -28.99542, 26, '2023-05-13 15:58:11', '2023-05-13 15:58:11');
INSERT INTO `tbl_ax` VALUES (3828, -29.63324, 26, '2023-05-13 15:58:11', '2023-05-13 15:58:11');
INSERT INTO `tbl_ax` VALUES (3829, -27.719801, 26, '2023-05-13 15:58:11', '2023-05-13 15:58:11');
INSERT INTO `tbl_ax` VALUES (3830, -26.505899, 26, '2023-05-13 15:58:11', '2023-05-13 15:58:11');
INSERT INTO `tbl_ax` VALUES (3831, -25.600611, 26, '2023-05-13 15:58:11', '2023-05-13 15:58:11');
INSERT INTO `tbl_ax` VALUES (3832, -24.22212, 26, '2023-05-13 15:58:11', '2023-05-13 15:58:11');
INSERT INTO `tbl_ax` VALUES (3833, -22.349831, 26, '2023-05-13 15:58:11', '2023-05-13 15:58:11');
INSERT INTO `tbl_ax` VALUES (3834, -20.559839, 26, '2023-05-13 15:58:11', '2023-05-13 15:58:11');
INSERT INTO `tbl_ax` VALUES (3835, -19.28421, 26, '2023-05-13 15:58:11', '2023-05-13 15:58:11');
INSERT INTO `tbl_ax` VALUES (3836, -18.378929, 26, '2023-05-13 15:58:11', '2023-05-13 15:58:11');
INSERT INTO `tbl_ax` VALUES (3837, -17.37077, 26, '2023-05-13 15:58:11', '2023-05-13 15:58:11');
INSERT INTO `tbl_ax` VALUES (3838, -16.198021, 26, '2023-05-13 15:58:11', '2023-05-13 15:58:11');
INSERT INTO `tbl_ax` VALUES (3839, -15.02527, 26, '2023-05-13 15:58:11', '2023-05-13 15:58:11');
INSERT INTO `tbl_ax` VALUES (3840, -13.81136, 26, '2023-05-13 15:58:11', '2023-05-13 15:58:11');
INSERT INTO `tbl_ax` VALUES (3841, -12.80321, 26, '2023-05-13 15:58:11', '2023-05-13 15:58:11');
INSERT INTO `tbl_ax` VALUES (3842, -11.05437, 26, '2023-05-13 15:58:11', '2023-05-13 15:58:11');
INSERT INTO `tbl_ax` VALUES (3843, -10.14908, 26, '2023-05-13 15:58:11', '2023-05-13 15:58:11');
INSERT INTO `tbl_ax` VALUES (3844, -8.54426, 26, '2023-05-13 15:58:11', '2023-05-13 15:58:11');
INSERT INTO `tbl_ax` VALUES (3845, -7.33036, 26, '2023-05-13 15:58:11', '2023-05-13 15:58:11');
INSERT INTO `tbl_ax` VALUES (3846, -6.85715, 26, '2023-05-13 15:58:11', '2023-05-13 15:58:11');
INSERT INTO `tbl_ax` VALUES (3847, -6.36336, 26, '2023-05-13 15:58:11', '2023-05-13 15:58:11');
INSERT INTO `tbl_ax` VALUES (3848, -5.47865, 26, '2023-05-13 15:58:11', '2023-05-13 15:58:11');
INSERT INTO `tbl_ax` VALUES (3849, -4.77911, 26, '2023-05-13 15:58:11', '2023-05-13 15:58:11');
INSERT INTO `tbl_ax` VALUES (3850, -4.10015, 26, '2023-05-13 15:58:11', '2023-05-13 15:58:11');
INSERT INTO `tbl_ax` VALUES (3851, -3.50349, 26, '2023-05-13 15:58:11', '2023-05-13 15:58:11');
INSERT INTO `tbl_ax` VALUES (3852, -2.7628, 26, '2023-05-13 15:58:11', '2023-05-13 15:58:11');
INSERT INTO `tbl_ax` VALUES (3853, -1.81637, 26, '2023-05-13 15:58:11', '2023-05-13 15:58:11');
INSERT INTO `tbl_ax` VALUES (3854, -0.91108, 26, '2023-05-13 15:58:11', '2023-05-13 15:58:11');
INSERT INTO `tbl_ax` VALUES (3855, -1.59005, 26, '2023-05-13 15:58:11', '2023-05-13 15:58:11');
INSERT INTO `tbl_ax` VALUES (3856, -2.61878, 26, '2023-05-13 15:58:11', '2023-05-13 15:58:11');
INSERT INTO `tbl_ax` VALUES (3857, -1.98096, 26, '2023-05-13 15:58:11', '2023-05-13 15:58:11');
INSERT INTO `tbl_ax` VALUES (3858, -1.17855, 26, '2023-05-13 15:58:11', '2023-05-13 15:58:11');
INSERT INTO `tbl_ax` VALUES (3859, -1.59005, 26, '2023-05-13 15:58:11', '2023-05-13 15:58:11');
INSERT INTO `tbl_ax` VALUES (3860, -1.91924, 26, '2023-05-13 15:58:11', '2023-05-13 15:58:11');
INSERT INTO `tbl_ax` VALUES (3861, -1.3843, 26, '2023-05-13 15:58:11', '2023-05-13 15:58:11');
INSERT INTO `tbl_ax` VALUES (3862, -0.58189, 26, '2023-05-13 15:58:11', '2023-05-13 15:58:11');
INSERT INTO `tbl_ax` VALUES (3863, -0.91108, 26, '2023-05-13 15:58:11', '2023-05-13 15:58:11');
INSERT INTO `tbl_ax` VALUES (3864, -0.47902, 26, '2023-05-13 15:58:11', '2023-05-13 15:58:11');
INSERT INTO `tbl_ax` VALUES (3865, -0.37614, 26, '2023-05-13 15:58:11', '2023-05-13 15:58:11');
INSERT INTO `tbl_ax` VALUES (3866, 0.05592, 26, '2023-05-13 15:58:11', '2023-05-13 15:58:11');
INSERT INTO `tbl_ax` VALUES (3867, 0.73488, 26, '2023-05-13 15:58:11', '2023-05-13 15:58:11');
INSERT INTO `tbl_ax` VALUES (3868, 0.42626, 26, '2023-05-13 15:58:11', '2023-05-13 15:58:11');
INSERT INTO `tbl_ax` VALUES (3869, -0.54074, 26, '2023-05-13 15:58:11', '2023-05-13 15:58:11');
INSERT INTO `tbl_ax` VALUES (3870, 0.46741, 26, '2023-05-13 15:58:11', '2023-05-13 15:58:11');
INSERT INTO `tbl_ax` VALUES (3871, -0.21155, 26, '2023-05-13 15:58:11', '2023-05-13 15:58:11');
INSERT INTO `tbl_ax` VALUES (3872, -0.80821, 26, '2023-05-13 15:58:11', '2023-05-13 15:58:11');
INSERT INTO `tbl_ax` VALUES (3873, -0.43787, 26, '2023-05-13 15:58:11', '2023-05-13 15:58:11');
INSERT INTO `tbl_ax` VALUES (3874, 0.05592, 26, '2023-05-13 15:58:11', '2023-05-13 15:58:11');
INSERT INTO `tbl_ax` VALUES (3875, 0.73488, 26, '2023-05-13 15:58:11', '2023-05-13 15:58:11');
INSERT INTO `tbl_ax` VALUES (3876, -0.1704, 26, '2023-05-13 15:58:11', '2023-05-13 15:58:11');
INSERT INTO `tbl_ax` VALUES (3877, -0.1704, 26, '2023-05-13 15:58:11', '2023-05-13 15:58:11');
INSERT INTO `tbl_ax` VALUES (3878, -0.1704, 26, '2023-05-13 15:58:11', '2023-05-13 15:58:11');
INSERT INTO `tbl_ax` VALUES (3879, 0.26167, 26, '2023-05-13 15:58:11', '2023-05-13 15:58:11');
INSERT INTO `tbl_ax` VALUES (3880, 0.09707, 26, '2023-05-13 15:58:11', '2023-05-13 15:58:11');
INSERT INTO `tbl_ax` VALUES (3881, 0.57029, 26, '2023-05-13 15:58:11', '2023-05-13 15:58:11');
INSERT INTO `tbl_ax` VALUES (3882, -0.21155, 26, '2023-05-13 15:58:11', '2023-05-13 15:58:11');
INSERT INTO `tbl_ax` VALUES (3883, 0.05592, 26, '2023-05-13 15:58:11', '2023-05-13 15:58:11');
INSERT INTO `tbl_ax` VALUES (3884, -0.43787, 26, '2023-05-13 15:58:11', '2023-05-13 15:58:11');
INSERT INTO `tbl_ax` VALUES (3885, -0.91108, 26, '2023-05-13 15:58:11', '2023-05-13 15:58:11');
INSERT INTO `tbl_ax` VALUES (3886, -0.74649, 26, '2023-05-13 15:58:11', '2023-05-13 15:58:11');
INSERT INTO `tbl_ax` VALUES (3887, -0.0058, 26, '2023-05-13 15:58:11', '2023-05-13 15:58:11');
INSERT INTO `tbl_ax` VALUES (3888, 0.09707, 26, '2023-05-13 15:58:11', '2023-05-13 15:58:11');
INSERT INTO `tbl_ax` VALUES (3889, -0.21155, 26, '2023-05-13 15:58:11', '2023-05-13 15:58:11');
INSERT INTO `tbl_ax` VALUES (3890, -0.335, 26, '2023-05-13 15:58:11', '2023-05-13 15:58:11');
INSERT INTO `tbl_ax` VALUES (3891, -0.335, 26, '2023-05-13 15:58:11', '2023-05-13 15:58:11');
INSERT INTO `tbl_ax` VALUES (3892, -0.21155, 26, '2023-05-13 15:58:11', '2023-05-13 15:58:11');
INSERT INTO `tbl_ax` VALUES (3893, -0.06753, 26, '2023-05-13 15:58:11', '2023-05-13 15:58:11');
INSERT INTO `tbl_ax` VALUES (3894, -0.10868, 26, '2023-05-13 15:58:11', '2023-05-13 15:58:11');
INSERT INTO `tbl_ax` VALUES (3895, -0.27327, 26, '2023-05-13 15:58:11', '2023-05-13 15:58:11');
INSERT INTO `tbl_ax` VALUES (3896, -0.58189, 26, '2023-05-13 15:58:11', '2023-05-13 15:58:11');
INSERT INTO `tbl_ax` VALUES (3897, -0.58189, 26, '2023-05-13 15:58:11', '2023-05-13 15:58:11');
INSERT INTO `tbl_ax` VALUES (3898, -0.64361, 26, '2023-05-13 15:58:11', '2023-05-13 15:58:11');
INSERT INTO `tbl_ax` VALUES (3899, -0.43787, 26, '2023-05-13 15:58:11', '2023-05-13 15:58:11');
INSERT INTO `tbl_ax` VALUES (3900, -0.43787, 26, '2023-05-13 15:58:11', '2023-05-13 15:58:11');
INSERT INTO `tbl_ax` VALUES (3901, -0.47902, 26, '2023-05-13 15:58:11', '2023-05-13 15:58:11');
INSERT INTO `tbl_ax` VALUES (3902, -0.10868, 26, '2023-05-13 15:58:11', '2023-05-13 15:58:11');
INSERT INTO `tbl_ax` VALUES (3903, -0.37614, 26, '2023-05-13 15:58:11', '2023-05-13 15:58:11');
INSERT INTO `tbl_ax` VALUES (3904, -0.335, 26, '2023-05-13 15:58:11', '2023-05-13 15:58:11');
INSERT INTO `tbl_ax` VALUES (3905, -0.37614, 26, '2023-05-13 15:58:11', '2023-05-13 15:58:11');
INSERT INTO `tbl_ax` VALUES (3906, -0.37614, 26, '2023-05-13 15:58:11', '2023-05-13 15:58:11');
INSERT INTO `tbl_ax` VALUES (3907, -0.06753, 26, '2023-05-13 15:58:11', '2023-05-13 15:58:11');
INSERT INTO `tbl_ax` VALUES (3908, -0.27327, 26, '2023-05-13 15:58:11', '2023-05-13 15:58:11');
INSERT INTO `tbl_ax` VALUES (3909, -0.21155, 26, '2023-05-13 15:58:11', '2023-05-13 15:58:11');
INSERT INTO `tbl_ax` VALUES (3910, -0.335, 26, '2023-05-13 15:58:11', '2023-05-13 15:58:11');
INSERT INTO `tbl_ax` VALUES (3911, -0.27327, 26, '2023-05-13 15:58:11', '2023-05-13 15:58:11');
INSERT INTO `tbl_ax` VALUES (3912, -0.27327, 26, '2023-05-13 15:58:11', '2023-05-13 15:58:11');
INSERT INTO `tbl_ax` VALUES (3913, -0.1704, 26, '2023-05-13 15:58:11', '2023-05-13 15:58:11');
INSERT INTO `tbl_ax` VALUES (3914, 0.05592, 26, '2023-05-13 15:58:11', '2023-05-13 15:58:11');
INSERT INTO `tbl_ax` VALUES (3915, 0.52914, 26, '2023-05-13 15:58:11', '2023-05-13 15:58:11');
INSERT INTO `tbl_ax` VALUES (3916, 0.57029, 26, '2023-05-13 15:58:11', '2023-05-13 15:58:11');
INSERT INTO `tbl_ax` VALUES (3917, 0.42626, 26, '2023-05-13 15:58:11', '2023-05-13 15:58:11');
INSERT INTO `tbl_ax` VALUES (3918, 0.15879, 26, '2023-05-13 15:58:11', '2023-05-13 15:58:11');
INSERT INTO `tbl_ax` VALUES (3919, 0, 27, '2023-05-13 15:58:11', '2023-05-13 15:58:11');
INSERT INTO `tbl_ax` VALUES (3920, -0.335, 27, '2023-05-13 15:58:11', '2023-05-13 15:58:11');
INSERT INTO `tbl_ax` VALUES (3921, -0.37614, 27, '2023-05-13 15:58:11', '2023-05-13 15:58:11');
INSERT INTO `tbl_ax` VALUES (3922, -0.37614, 27, '2023-05-13 15:58:11', '2023-05-13 15:58:11');
INSERT INTO `tbl_ax` VALUES (3923, -0.21155, 27, '2023-05-13 15:58:11', '2023-05-13 15:58:11');
INSERT INTO `tbl_ax` VALUES (3924, -0.335, 27, '2023-05-13 15:58:11', '2023-05-13 15:58:11');
INSERT INTO `tbl_ax` VALUES (3925, -0.335, 27, '2023-05-13 15:58:11', '2023-05-13 15:58:11');
INSERT INTO `tbl_ax` VALUES (3926, -0.43787, 27, '2023-05-13 15:58:11', '2023-05-13 15:58:11');
INSERT INTO `tbl_ax` VALUES (3927, -0.335, 27, '2023-05-13 15:58:11', '2023-05-13 15:58:11');
INSERT INTO `tbl_ax` VALUES (3928, -0.1704, 27, '2023-05-13 15:58:11', '2023-05-13 15:58:11');
INSERT INTO `tbl_ax` VALUES (3929, -0.37614, 27, '2023-05-13 15:58:11', '2023-05-13 15:58:11');
INSERT INTO `tbl_ax` VALUES (3930, -1.34315, 27, '2023-05-13 15:58:11', '2023-05-13 15:58:11');
INSERT INTO `tbl_ax` VALUES (3931, -2.08384, 27, '2023-05-13 15:58:11', '2023-05-13 15:58:11');
INSERT INTO `tbl_ax` VALUES (3932, -3.13314, 27, '2023-05-13 15:58:11', '2023-05-13 15:58:11');
INSERT INTO `tbl_ax` VALUES (3933, -4.10015, 27, '2023-05-13 15:58:11', '2023-05-13 15:58:11');
INSERT INTO `tbl_ax` VALUES (3934, -4.47049, 27, '2023-05-13 15:58:11', '2023-05-13 15:58:11');
INSERT INTO `tbl_ax` VALUES (3935, -3.77096, 27, '2023-05-13 15:58:11', '2023-05-13 15:58:11');
INSERT INTO `tbl_ax` VALUES (3936, -2.86567, 27, '2023-05-13 15:58:11', '2023-05-13 15:58:11');
INSERT INTO `tbl_ax` VALUES (3937, -1.75464, 27, '2023-05-13 15:58:11', '2023-05-13 15:58:11');
INSERT INTO `tbl_ax` VALUES (3938, -0.95223, 27, '2023-05-13 15:58:11', '2023-05-13 15:58:11');
INSERT INTO `tbl_ax` VALUES (3939, -1.48717, 27, '2023-05-13 15:58:11', '2023-05-13 15:58:11');
INSERT INTO `tbl_ax` VALUES (3940, -2.72165, 27, '2023-05-13 15:58:11', '2023-05-13 15:58:11');
INSERT INTO `tbl_ax` VALUES (3941, -3.77096, 27, '2023-05-13 15:58:11', '2023-05-13 15:58:11');
INSERT INTO `tbl_ax` VALUES (3942, -4.63509, 27, '2023-05-13 15:58:11', '2023-05-13 15:58:11');
INSERT INTO `tbl_ax` VALUES (3943, -5.74612, 27, '2023-05-13 15:58:11', '2023-05-13 15:58:11');
INSERT INTO `tbl_ax` VALUES (3944, -6.69255, 27, '2023-05-13 15:58:11', '2023-05-13 15:58:11');
INSERT INTO `tbl_ax` VALUES (3945, -7.92703, 27, '2023-05-13 15:58:11', '2023-05-13 15:58:11');
INSERT INTO `tbl_ax` VALUES (3946, -9.34667, 27, '2023-05-13 15:58:11', '2023-05-13 15:58:11');
INSERT INTO `tbl_ax` VALUES (3947, -10.35483, 27, '2023-05-13 15:58:11', '2023-05-13 15:58:11');
INSERT INTO `tbl_ax` VALUES (3948, -11.48643, 27, '2023-05-13 15:58:11', '2023-05-13 15:58:11');
INSERT INTO `tbl_ax` VALUES (3949, -12.70033, 27, '2023-05-13 15:58:11', '2023-05-13 15:58:11');
INSERT INTO `tbl_ax` VALUES (3950, -13.64677, 27, '2023-05-13 15:58:11', '2023-05-13 15:58:11');
INSERT INTO `tbl_ax` VALUES (3951, -14.65492, 27, '2023-05-13 15:58:11', '2023-05-13 15:58:11');
INSERT INTO `tbl_ax` VALUES (3952, -17.90571, 27, '2023-05-13 15:58:11', '2023-05-13 15:58:11');
INSERT INTO `tbl_ax` VALUES (3953, -15.51906, 27, '2023-05-13 15:58:11', '2023-05-13 15:58:11');
INSERT INTO `tbl_ax` VALUES (3954, -16.73296, 27, '2023-05-13 15:58:11', '2023-05-13 15:58:11');
INSERT INTO `tbl_ax` VALUES (3955, -19.983749, 27, '2023-05-13 15:58:11', '2023-05-13 15:58:11');
INSERT INTO `tbl_ax` VALUES (3956, -18.91387, 27, '2023-05-13 15:58:11', '2023-05-13 15:58:11');
INSERT INTO `tbl_ax` VALUES (3957, -21.13592, 27, '2023-05-13 15:58:11', '2023-05-13 15:58:11');
INSERT INTO `tbl_ax` VALUES (3958, -21.403391, 27, '2023-05-13 15:58:11', '2023-05-13 15:58:11');
INSERT INTO `tbl_ax` VALUES (3959, -20.251221, 27, '2023-05-13 15:58:11', '2023-05-13 15:58:11');
INSERT INTO `tbl_ax` VALUES (3960, -19.448811, 27, '2023-05-13 15:58:11', '2023-05-13 15:58:11');
INSERT INTO `tbl_ax` VALUES (3961, -18.378929, 27, '2023-05-13 15:58:11', '2023-05-13 15:58:11');
INSERT INTO `tbl_ax` VALUES (3962, -17.37077, 27, '2023-05-13 15:58:11', '2023-05-13 15:58:11');
INSERT INTO `tbl_ax` VALUES (3963, -16.46549, 27, '2023-05-13 15:58:11', '2023-05-13 15:58:11');
INSERT INTO `tbl_ax` VALUES (3964, -14.28458, 27, '2023-05-13 15:58:11', '2023-05-13 15:58:11');
INSERT INTO `tbl_ax` VALUES (3965, -15.25159, 27, '2023-05-13 15:58:11', '2023-05-13 15:58:11');
INSERT INTO `tbl_ax` VALUES (3966, -13.23527, 27, '2023-05-13 15:58:11', '2023-05-13 15:58:11');
INSERT INTO `tbl_ax` VALUES (3967, -12.12425, 27, '2023-05-13 15:58:11', '2023-05-13 15:58:11');
INSERT INTO `tbl_ax` VALUES (3968, -10.99264, 27, '2023-05-13 15:58:11', '2023-05-13 15:58:11');
INSERT INTO `tbl_ax` VALUES (3969, -9.61414, 27, '2023-05-13 15:58:11', '2023-05-13 15:58:11');
INSERT INTO `tbl_ax` VALUES (3970, -8.50311, 27, '2023-05-13 15:58:11', '2023-05-13 15:58:11');
INSERT INTO `tbl_ax` VALUES (3971, -7.59783, 27, '2023-05-13 15:58:11', '2023-05-13 15:58:11');
INSERT INTO `tbl_ax` VALUES (3972, -8.87346, 27, '2023-05-13 15:58:11', '2023-05-13 15:58:11');
INSERT INTO `tbl_ax` VALUES (3973, -12.90608, 27, '2023-05-13 15:58:11', '2023-05-13 15:58:11');
INSERT INTO `tbl_ax` VALUES (3974, -9.98449, 27, '2023-05-13 15:58:11', '2023-05-13 15:58:11');
INSERT INTO `tbl_ax` VALUES (3975, -11.21896, 27, '2023-05-13 15:58:11', '2023-05-13 15:58:11');
INSERT INTO `tbl_ax` VALUES (3976, -12.12425, 27, '2023-05-13 15:58:11', '2023-05-13 15:58:11');
INSERT INTO `tbl_ax` VALUES (3977, -7.65956, 27, '2023-05-13 15:58:11', '2023-05-13 15:58:11');
INSERT INTO `tbl_ax` VALUES (3978, -13.87309, 27, '2023-05-13 15:58:11', '2023-05-13 15:58:11');
INSERT INTO `tbl_ax` VALUES (3979, -14.71665, 27, '2023-05-13 15:58:11', '2023-05-13 15:58:11');
INSERT INTO `tbl_ax` VALUES (3980, -21.629709, 27, '2023-05-13 15:58:11', '2023-05-13 15:58:11');
INSERT INTO `tbl_ax` VALUES (3981, -19.48996, 27, '2023-05-13 15:58:11', '2023-05-13 15:58:11');
INSERT INTO `tbl_ax` VALUES (3982, -17.576521, 27, '2023-05-13 15:58:11', '2023-05-13 15:58:11');
INSERT INTO `tbl_ax` VALUES (3983, -15.68365, 27, '2023-05-13 15:58:11', '2023-05-13 15:58:11');
INSERT INTO `tbl_ax` VALUES (3984, -22.67902, 27, '2023-05-13 15:58:11', '2023-05-13 15:58:11');
INSERT INTO `tbl_ax` VALUES (3985, -20.49811, 27, '2023-05-13 15:58:11', '2023-05-13 15:58:11');
INSERT INTO `tbl_ax` VALUES (3986, -16.691811, 27, '2023-05-13 15:58:11', '2023-05-13 15:58:11');
INSERT INTO `tbl_ax` VALUES (3987, -18.4818, 27, '2023-05-13 15:58:11', '2023-05-13 15:58:11');
INSERT INTO `tbl_ax` VALUES (3988, -28.583929, 27, '2023-05-13 15:58:11', '2023-05-13 15:58:11');
INSERT INTO `tbl_ax` VALUES (3989, -26.07383, 27, '2023-05-13 15:58:11', '2023-05-13 15:58:11');
INSERT INTO `tbl_ax` VALUES (3990, -27.24658, 27, '2023-05-13 15:58:11', '2023-05-13 15:58:11');
INSERT INTO `tbl_ax` VALUES (3991, -24.818781, 27, '2023-05-13 15:58:11', '2023-05-13 15:58:11');
INSERT INTO `tbl_ax` VALUES (3992, -23.64603, 27, '2023-05-13 15:58:11', '2023-05-13 15:58:11');
INSERT INTO `tbl_ax` VALUES (3993, -29.85956, 27, '2023-05-13 15:58:11', '2023-05-13 15:58:11');
INSERT INTO `tbl_ax` VALUES (3994, -32.04047, 27, '2023-05-13 15:58:11', '2023-05-13 15:58:11');
INSERT INTO `tbl_ax` VALUES (3995, -31.07346, 27, '2023-05-13 15:58:11', '2023-05-13 15:58:11');
INSERT INTO `tbl_ax` VALUES (3996, -32.8223, 27, '2023-05-13 15:58:11', '2023-05-13 15:58:11');
INSERT INTO `tbl_ax` VALUES (3997, -31.711269, 27, '2023-05-13 15:58:11', '2023-05-13 15:58:11');
INSERT INTO `tbl_ax` VALUES (3998, -30.64139, 27, '2023-05-13 15:58:11', '2023-05-13 15:58:11');
INSERT INTO `tbl_ax` VALUES (3999, -30.00358, 27, '2023-05-13 15:58:11', '2023-05-13 15:58:11');
INSERT INTO `tbl_ax` VALUES (4000, -28.954269, 27, '2023-05-13 15:58:11', '2023-05-13 15:58:11');
INSERT INTO `tbl_ax` VALUES (4001, -27.98727, 27, '2023-05-13 15:58:11', '2023-05-13 15:58:11');
INSERT INTO `tbl_ax` VALUES (4002, -26.93796, 27, '2023-05-13 15:58:11', '2023-05-13 15:58:11');
INSERT INTO `tbl_ax` VALUES (4003, -26.197281, 27, '2023-05-13 15:58:11', '2023-05-13 15:58:11');
INSERT INTO `tbl_ax` VALUES (4004, -25.127399, 27, '2023-05-13 15:58:11', '2023-05-13 15:58:11');
INSERT INTO `tbl_ax` VALUES (4005, -23.9135, 27, '2023-05-13 15:58:11', '2023-05-13 15:58:11');
INSERT INTO `tbl_ax` VALUES (4006, -22.781891, 27, '2023-05-13 15:58:11', '2023-05-13 15:58:11');
INSERT INTO `tbl_ax` VALUES (4007, -21.629709, 27, '2023-05-13 15:58:11', '2023-05-13 15:58:11');
INSERT INTO `tbl_ax` VALUES (4008, -20.86845, 27, '2023-05-13 15:58:11', '2023-05-13 15:58:11');
INSERT INTO `tbl_ax` VALUES (4009, -19.819151, 27, '2023-05-13 15:58:11', '2023-05-13 15:58:11');
INSERT INTO `tbl_ax` VALUES (4010, -11.58931, 27, '2023-05-13 15:58:11', '2023-05-13 15:58:11');
INSERT INTO `tbl_ax` VALUES (4011, -17.802839, 27, '2023-05-13 15:58:11', '2023-05-13 15:58:11');
INSERT INTO `tbl_ax` VALUES (4012, -16.9387, 27, '2023-05-13 15:58:11', '2023-05-13 15:58:11');
INSERT INTO `tbl_ax` VALUES (4013, -16.259741, 27, '2023-05-13 15:58:11', '2023-05-13 15:58:11');
INSERT INTO `tbl_ax` VALUES (4014, -15.35446, 27, '2023-05-13 15:58:11', '2023-05-13 15:58:11');
INSERT INTO `tbl_ax` VALUES (4015, -14.65492, 27, '2023-05-13 15:58:11', '2023-05-13 15:58:11');
INSERT INTO `tbl_ax` VALUES (4016, -13.97596, 27, '2023-05-13 15:58:11', '2023-05-13 15:58:11');
INSERT INTO `tbl_ax` VALUES (4017, -12.63861, 27, '2023-05-13 15:58:11', '2023-05-13 15:58:11');
INSERT INTO `tbl_ax` VALUES (4018, -18.749269, 27, '2023-05-13 15:58:11', '2023-05-13 15:58:11');
INSERT INTO `tbl_ax` VALUES (4019, -10.7869, 27, '2023-05-13 15:58:11', '2023-05-13 15:58:11');
INSERT INTO `tbl_ax` VALUES (4020, -9.84046, 27, '2023-05-13 15:58:11', '2023-05-13 15:58:11');
INSERT INTO `tbl_ax` VALUES (4021, -10.58115, 27, '2023-05-13 15:58:11', '2023-05-13 15:58:11');
INSERT INTO `tbl_ax` VALUES (4022, -11.69218, 27, '2023-05-13 15:58:11', '2023-05-13 15:58:11');
INSERT INTO `tbl_ax` VALUES (4023, -13.00895, 27, '2023-05-13 15:58:11', '2023-05-13 15:58:11');
INSERT INTO `tbl_ax` VALUES (4024, -14.24343, 27, '2023-05-13 15:58:11', '2023-05-13 15:58:11');
INSERT INTO `tbl_ax` VALUES (4025, -15.25159, 27, '2023-05-13 15:58:11', '2023-05-13 15:58:11');
INSERT INTO `tbl_ax` VALUES (4026, -16.30089, 27, '2023-05-13 15:58:11', '2023-05-13 15:58:11');
INSERT INTO `tbl_ax` VALUES (4027, -17.53537, 27, '2023-05-13 15:58:11', '2023-05-13 15:58:11');
INSERT INTO `tbl_ax` VALUES (4028, -18.749269, 27, '2023-05-13 15:58:11', '2023-05-13 15:58:11');
INSERT INTO `tbl_ax` VALUES (4029, -21.835461, 27, '2023-05-13 15:58:11', '2023-05-13 15:58:11');
INSERT INTO `tbl_ax` VALUES (4030, -21.033051, 27, '2023-05-13 15:58:11', '2023-05-13 15:58:11');
INSERT INTO `tbl_ax` VALUES (4031, -19.92202, 27, '2023-05-13 15:58:11', '2023-05-13 15:58:11');
INSERT INTO `tbl_ax` VALUES (4032, -22.84362, 27, '2023-05-13 15:58:11', '2023-05-13 15:58:11');
INSERT INTO `tbl_ax` VALUES (4033, -22.576151, 27, '2023-05-13 15:58:11', '2023-05-13 15:58:11');
INSERT INTO `tbl_ax` VALUES (4034, -21.567989, 27, '2023-05-13 15:58:11', '2023-05-13 15:58:11');
INSERT INTO `tbl_ax` VALUES (4035, -20.29237, 27, '2023-05-13 15:58:11', '2023-05-13 15:58:11');
INSERT INTO `tbl_ax` VALUES (4036, -18.91387, 27, '2023-05-13 15:58:11', '2023-05-13 15:58:11');
INSERT INTO `tbl_ax` VALUES (4037, -18.214331, 27, '2023-05-13 15:58:11', '2023-05-13 15:58:11');
INSERT INTO `tbl_ax` VALUES (4038, -17.32962, 27, '2023-05-13 15:58:11', '2023-05-13 15:58:11');
INSERT INTO `tbl_ax` VALUES (4039, -16.15687, 27, '2023-05-13 15:58:11', '2023-05-13 15:58:11');
INSERT INTO `tbl_ax` VALUES (4040, -15.18986, 27, '2023-05-13 15:58:11', '2023-05-13 15:58:11');
INSERT INTO `tbl_ax` VALUES (4041, -14.18171, 27, '2023-05-13 15:58:11', '2023-05-13 15:58:11');
INSERT INTO `tbl_ax` VALUES (4042, -13.33815, 27, '2023-05-13 15:58:11', '2023-05-13 15:58:11');
INSERT INTO `tbl_ax` VALUES (4043, -12.49459, 27, '2023-05-13 15:58:11', '2023-05-13 15:58:11');
INSERT INTO `tbl_ax` VALUES (4044, -11.69218, 27, '2023-05-13 15:58:11', '2023-05-13 15:58:11');
INSERT INTO `tbl_ax` VALUES (4045, -19.078461, 27, '2023-05-13 15:58:11', '2023-05-13 15:58:11');
INSERT INTO `tbl_ax` VALUES (4046, -13.33815, 27, '2023-05-13 15:58:11', '2023-05-13 15:58:11');
INSERT INTO `tbl_ax` VALUES (4047, -14.28458, 27, '2023-05-13 15:58:11', '2023-05-13 15:58:11');
INSERT INTO `tbl_ax` VALUES (4048, -12.49459, 27, '2023-05-13 15:58:11', '2023-05-13 15:58:11');
INSERT INTO `tbl_ax` VALUES (4049, -16.259741, 27, '2023-05-13 15:58:11', '2023-05-13 15:58:11');
INSERT INTO `tbl_ax` VALUES (4050, -17.2679, 27, '2023-05-13 15:58:11', '2023-05-13 15:58:11');
INSERT INTO `tbl_ax` VALUES (4051, -17.802839, 27, '2023-05-13 15:58:11', '2023-05-13 15:58:11');
INSERT INTO `tbl_ax` VALUES (4052, -22.000059, 27, '2023-05-13 15:58:11', '2023-05-13 15:58:11');
INSERT INTO `tbl_ax` VALUES (4053, -19.819151, 27, '2023-05-13 15:58:11', '2023-05-13 15:58:11');
INSERT INTO `tbl_ax` VALUES (4054, -20.765579, 27, '2023-05-13 15:58:11', '2023-05-13 15:58:11');
INSERT INTO `tbl_ax` VALUES (4055, -15.56021, 27, '2023-05-13 15:58:11', '2023-05-13 15:58:11');
INSERT INTO `tbl_ax` VALUES (4056, -23.48143, 27, '2023-05-13 15:58:11', '2023-05-13 15:58:11');
INSERT INTO `tbl_ax` VALUES (4057, -24.654181, 27, '2023-05-13 15:58:11', '2023-05-13 15:58:11');
INSERT INTO `tbl_ax` VALUES (4058, -26.13555, 27, '2023-05-13 15:58:11', '2023-05-13 15:58:11');
INSERT INTO `tbl_ax` VALUES (4059, -27.143709, 27, '2023-05-13 15:58:11', '2023-05-13 15:58:11');
INSERT INTO `tbl_ax` VALUES (4060, -28.213591, 27, '2023-05-13 15:58:11', '2023-05-13 15:58:11');
INSERT INTO `tbl_ax` VALUES (4061, -30.703119, 27, '2023-05-13 15:58:11', '2023-05-13 15:58:11');
INSERT INTO `tbl_ax` VALUES (4062, -29.48921, 27, '2023-05-13 15:58:11', '2023-05-13 15:58:11');
INSERT INTO `tbl_ax` VALUES (4063, -31.978741, 27, '2023-05-13 15:58:11', '2023-05-13 15:58:11');
INSERT INTO `tbl_ax` VALUES (4064, -33.028049, 27, '2023-05-13 15:58:11', '2023-05-13 15:58:11');
INSERT INTO `tbl_ax` VALUES (4065, -34.200802, 27, '2023-05-13 15:58:11', '2023-05-13 15:58:11');
INSERT INTO `tbl_ax` VALUES (4066, -36.649181, 27, '2023-05-13 15:58:11', '2023-05-13 15:58:11');
INSERT INTO `tbl_ax` VALUES (4067, -37.760208, 27, '2023-05-13 15:58:11', '2023-05-13 15:58:11');
INSERT INTO `tbl_ax` VALUES (4068, -35.476429, 27, '2023-05-13 15:58:11', '2023-05-13 15:58:11');
INSERT INTO `tbl_ax` VALUES (4069, -39.035831, 27, '2023-05-13 15:58:11', '2023-05-13 15:58:11');
INSERT INTO `tbl_ax` VALUES (4070, -37.492741, 27, '2023-05-13 15:58:11', '2023-05-13 15:58:11');
INSERT INTO `tbl_ax` VALUES (4071, -38.603771, 27, '2023-05-13 15:58:11', '2023-05-13 15:58:11');
INSERT INTO `tbl_ax` VALUES (4072, -32.8223, 27, '2023-05-13 15:58:11', '2023-05-13 15:58:11');
INSERT INTO `tbl_ax` VALUES (4073, -35.949638, 27, '2023-05-13 15:58:11', '2023-05-13 15:58:11');
INSERT INTO `tbl_ax` VALUES (4074, -34.900341, 27, '2023-05-13 15:58:11', '2023-05-13 15:58:11');
INSERT INTO `tbl_ax` VALUES (4075, -33.933331, 27, '2023-05-13 15:58:11', '2023-05-13 15:58:11');
INSERT INTO `tbl_ax` VALUES (4076, -36.710899, 27, '2023-05-13 15:58:11', '2023-05-13 15:58:11');
INSERT INTO `tbl_ax` VALUES (4077, -29.962429, 27, '2023-05-13 15:58:11', '2023-05-13 15:58:11');
INSERT INTO `tbl_ax` VALUES (4078, -30.74427, 27, '2023-05-13 15:58:11', '2023-05-13 15:58:11');
INSERT INTO `tbl_ax` VALUES (4079, -31.6084, 27, '2023-05-13 15:58:11', '2023-05-13 15:58:11');
INSERT INTO `tbl_ax` VALUES (4080, -28.8514, 27, '2023-05-13 15:58:11', '2023-05-13 15:58:11');
INSERT INTO `tbl_ax` VALUES (4081, -27.82267, 27, '2023-05-13 15:58:11', '2023-05-13 15:58:11');
INSERT INTO `tbl_ax` VALUES (4082, -26.711639, 27, '2023-05-13 15:58:11', '2023-05-13 15:58:11');
INSERT INTO `tbl_ax` VALUES (4083, -25.43602, 27, '2023-05-13 15:58:11', '2023-05-13 15:58:11');
INSERT INTO `tbl_ax` VALUES (4084, -24.05752, 27, '2023-05-13 15:58:11', '2023-05-13 15:58:11');
INSERT INTO `tbl_ax` VALUES (4085, -22.10293, 27, '2023-05-13 15:58:11', '2023-05-13 15:58:11');
INSERT INTO `tbl_ax` VALUES (4086, -23.213961, 27, '2023-05-13 15:58:11', '2023-05-13 15:58:11');
INSERT INTO `tbl_ax` VALUES (4087, -20.765579, 27, '2023-05-13 15:58:11', '2023-05-13 15:58:11');
INSERT INTO `tbl_ax` VALUES (4088, -19.325359, 27, '2023-05-13 15:58:11', '2023-05-13 15:58:11');
INSERT INTO `tbl_ax` VALUES (4089, -19.55168, 27, '2023-05-13 15:58:11', '2023-05-13 15:58:11');
INSERT INTO `tbl_ax` VALUES (4090, -20.66271, 27, '2023-05-13 15:58:11', '2023-05-13 15:58:11');
INSERT INTO `tbl_ax` VALUES (4091, -21.60914, 27, '2023-05-13 15:58:11', '2023-05-13 15:58:11');
INSERT INTO `tbl_ax` VALUES (4092, -22.67902, 27, '2023-05-13 15:58:11', '2023-05-13 15:58:11');
INSERT INTO `tbl_ax` VALUES (4093, -23.64603, 27, '2023-05-13 15:58:11', '2023-05-13 15:58:11');
INSERT INTO `tbl_ax` VALUES (4094, -24.48959, 27, '2023-05-13 15:58:11', '2023-05-13 15:58:11');
INSERT INTO `tbl_ax` VALUES (4095, -24.160391, 27, '2023-05-13 15:58:11', '2023-05-13 15:58:11');
INSERT INTO `tbl_ax` VALUES (4096, -23.152241, 27, '2023-05-13 15:58:11', '2023-05-13 15:58:11');
INSERT INTO `tbl_ax` VALUES (4097, -22.51442, 27, '2023-05-13 15:58:11', '2023-05-13 15:58:11');
INSERT INTO `tbl_ax` VALUES (4098, -23.378559, 27, '2023-05-13 15:58:11', '2023-05-13 15:58:11');
INSERT INTO `tbl_ax` VALUES (4099, -24.160391, 27, '2023-05-13 15:58:11', '2023-05-13 15:58:11');
INSERT INTO `tbl_ax` VALUES (4100, -24.901079, 27, '2023-05-13 15:58:11', '2023-05-13 15:58:11');
INSERT INTO `tbl_ax` VALUES (4101, -26.13555, 27, '2023-05-13 15:58:11', '2023-05-13 15:58:11');
INSERT INTO `tbl_ax` VALUES (4102, -26.60877, 27, '2023-05-13 15:58:11', '2023-05-13 15:58:11');
INSERT INTO `tbl_ax` VALUES (4103, -27.24658, 27, '2023-05-13 15:58:11', '2023-05-13 15:58:11');
INSERT INTO `tbl_ax` VALUES (4104, -28.31646, 27, '2023-05-13 15:58:11', '2023-05-13 15:58:11');
INSERT INTO `tbl_ax` VALUES (4105, -29.592091, 27, '2023-05-13 15:58:11', '2023-05-13 15:58:11');
INSERT INTO `tbl_ax` VALUES (4106, -30.74427, 27, '2023-05-13 15:58:11', '2023-05-13 15:58:11');
INSERT INTO `tbl_ax` VALUES (4107, -30.16818, 27, '2023-05-13 15:58:11', '2023-05-13 15:58:11');
INSERT INTO `tbl_ax` VALUES (4108, -27.719801, 27, '2023-05-13 15:58:11', '2023-05-13 15:58:11');
INSERT INTO `tbl_ax` VALUES (4109, -28.99542, 27, '2023-05-13 15:58:11', '2023-05-13 15:58:11');
INSERT INTO `tbl_ax` VALUES (4110, -26.773371, 27, '2023-05-13 15:58:11', '2023-05-13 15:58:11');
INSERT INTO `tbl_ax` VALUES (4111, -25.92981, 27, '2023-05-13 15:58:11', '2023-05-13 15:58:11');
INSERT INTO `tbl_ax` VALUES (4112, -24.901079, 27, '2023-05-13 15:58:11', '2023-05-13 15:58:11');
INSERT INTO `tbl_ax` VALUES (4113, -25.80636, 27, '2023-05-13 15:58:11', '2023-05-13 15:58:11');
INSERT INTO `tbl_ax` VALUES (4114, -26.93796, 27, '2023-05-13 15:58:11', '2023-05-13 15:58:11');
INSERT INTO `tbl_ax` VALUES (4115, -27.884399, 27, '2023-05-13 15:58:11', '2023-05-13 15:58:11');
INSERT INTO `tbl_ax` VALUES (4116, -28.46048, 27, '2023-05-13 15:58:11', '2023-05-13 15:58:11');
INSERT INTO `tbl_ax` VALUES (4117, -27.41118, 27, '2023-05-13 15:58:11', '2023-05-13 15:58:11');
INSERT INTO `tbl_ax` VALUES (4118, -26.403021, 27, '2023-05-13 15:58:11', '2023-05-13 15:58:11');
INSERT INTO `tbl_ax` VALUES (4119, -25.49774, 27, '2023-05-13 15:58:11', '2023-05-13 15:58:11');
INSERT INTO `tbl_ax` VALUES (4120, -24.160391, 27, '2023-05-13 15:58:11', '2023-05-13 15:58:11');
INSERT INTO `tbl_ax` VALUES (4121, -24.85993, 27, '2023-05-13 15:58:11', '2023-05-13 15:58:11');
INSERT INTO `tbl_ax` VALUES (4122, -23.378559, 27, '2023-05-13 15:58:11', '2023-05-13 15:58:11');
INSERT INTO `tbl_ax` VALUES (4123, -22.24695, 27, '2023-05-13 15:58:11', '2023-05-13 15:58:11');
INSERT INTO `tbl_ax` VALUES (4124, -23.31683, 27, '2023-05-13 15:58:11', '2023-05-13 15:58:11');
INSERT INTO `tbl_ax` VALUES (4125, -24.85993, 27, '2023-05-13 15:58:11', '2023-05-13 15:58:11');
INSERT INTO `tbl_ax` VALUES (4126, -25.92981, 27, '2023-05-13 15:58:11', '2023-05-13 15:58:11');
INSERT INTO `tbl_ax` VALUES (4127, -27.45233, 27, '2023-05-13 15:58:11', '2023-05-13 15:58:11');
INSERT INTO `tbl_ax` VALUES (4128, -28.99542, 27, '2023-05-13 15:58:11', '2023-05-13 15:58:11');
INSERT INTO `tbl_ax` VALUES (4129, -29.63324, 27, '2023-05-13 15:58:11', '2023-05-13 15:58:11');
INSERT INTO `tbl_ax` VALUES (4130, -27.719801, 27, '2023-05-13 15:58:11', '2023-05-13 15:58:11');
INSERT INTO `tbl_ax` VALUES (4131, -26.505899, 27, '2023-05-13 15:58:11', '2023-05-13 15:58:11');
INSERT INTO `tbl_ax` VALUES (4132, -25.600611, 27, '2023-05-13 15:58:11', '2023-05-13 15:58:11');
INSERT INTO `tbl_ax` VALUES (4133, -24.22212, 27, '2023-05-13 15:58:11', '2023-05-13 15:58:11');
INSERT INTO `tbl_ax` VALUES (4134, -22.349831, 27, '2023-05-13 15:58:11', '2023-05-13 15:58:11');
INSERT INTO `tbl_ax` VALUES (4135, -20.559839, 27, '2023-05-13 15:58:11', '2023-05-13 15:58:11');
INSERT INTO `tbl_ax` VALUES (4136, -19.28421, 27, '2023-05-13 15:58:11', '2023-05-13 15:58:11');
INSERT INTO `tbl_ax` VALUES (4137, -18.378929, 27, '2023-05-13 15:58:11', '2023-05-13 15:58:11');
INSERT INTO `tbl_ax` VALUES (4138, -17.37077, 27, '2023-05-13 15:58:11', '2023-05-13 15:58:11');
INSERT INTO `tbl_ax` VALUES (4139, -16.198021, 27, '2023-05-13 15:58:11', '2023-05-13 15:58:11');
INSERT INTO `tbl_ax` VALUES (4140, -15.02527, 27, '2023-05-13 15:58:11', '2023-05-13 15:58:11');
INSERT INTO `tbl_ax` VALUES (4141, -13.81136, 27, '2023-05-13 15:58:11', '2023-05-13 15:58:11');
INSERT INTO `tbl_ax` VALUES (4142, -12.80321, 27, '2023-05-13 15:58:11', '2023-05-13 15:58:11');
INSERT INTO `tbl_ax` VALUES (4143, -11.05437, 27, '2023-05-13 15:58:11', '2023-05-13 15:58:11');
INSERT INTO `tbl_ax` VALUES (4144, -10.14908, 27, '2023-05-13 15:58:11', '2023-05-13 15:58:11');
INSERT INTO `tbl_ax` VALUES (4145, -8.54426, 27, '2023-05-13 15:58:11', '2023-05-13 15:58:11');
INSERT INTO `tbl_ax` VALUES (4146, -7.33036, 27, '2023-05-13 15:58:11', '2023-05-13 15:58:11');
INSERT INTO `tbl_ax` VALUES (4147, -6.85715, 27, '2023-05-13 15:58:11', '2023-05-13 15:58:11');
INSERT INTO `tbl_ax` VALUES (4148, -6.36336, 27, '2023-05-13 15:58:11', '2023-05-13 15:58:11');
INSERT INTO `tbl_ax` VALUES (4149, -5.47865, 27, '2023-05-13 15:58:11', '2023-05-13 15:58:11');
INSERT INTO `tbl_ax` VALUES (4150, -4.77911, 27, '2023-05-13 15:58:11', '2023-05-13 15:58:11');
INSERT INTO `tbl_ax` VALUES (4151, -4.10015, 27, '2023-05-13 15:58:11', '2023-05-13 15:58:11');
INSERT INTO `tbl_ax` VALUES (4152, -3.50349, 27, '2023-05-13 15:58:11', '2023-05-13 15:58:11');
INSERT INTO `tbl_ax` VALUES (4153, -2.7628, 27, '2023-05-13 15:58:11', '2023-05-13 15:58:11');
INSERT INTO `tbl_ax` VALUES (4154, -1.81637, 27, '2023-05-13 15:58:11', '2023-05-13 15:58:11');
INSERT INTO `tbl_ax` VALUES (4155, -0.91108, 27, '2023-05-13 15:58:11', '2023-05-13 15:58:11');
INSERT INTO `tbl_ax` VALUES (4156, -1.59005, 27, '2023-05-13 15:58:11', '2023-05-13 15:58:11');
INSERT INTO `tbl_ax` VALUES (4157, -2.61878, 27, '2023-05-13 15:58:11', '2023-05-13 15:58:11');
INSERT INTO `tbl_ax` VALUES (4158, -1.98096, 27, '2023-05-13 15:58:11', '2023-05-13 15:58:11');
INSERT INTO `tbl_ax` VALUES (4159, -1.17855, 27, '2023-05-13 15:58:11', '2023-05-13 15:58:11');
INSERT INTO `tbl_ax` VALUES (4160, -1.59005, 27, '2023-05-13 15:58:11', '2023-05-13 15:58:11');
INSERT INTO `tbl_ax` VALUES (4161, -1.91924, 27, '2023-05-13 15:58:11', '2023-05-13 15:58:11');
INSERT INTO `tbl_ax` VALUES (4162, -1.3843, 27, '2023-05-13 15:58:11', '2023-05-13 15:58:11');
INSERT INTO `tbl_ax` VALUES (4163, -0.58189, 27, '2023-05-13 15:58:11', '2023-05-13 15:58:11');
INSERT INTO `tbl_ax` VALUES (4164, -0.91108, 27, '2023-05-13 15:58:11', '2023-05-13 15:58:11');
INSERT INTO `tbl_ax` VALUES (4165, -0.47902, 27, '2023-05-13 15:58:11', '2023-05-13 15:58:11');
INSERT INTO `tbl_ax` VALUES (4166, -0.37614, 27, '2023-05-13 15:58:11', '2023-05-13 15:58:11');
INSERT INTO `tbl_ax` VALUES (4167, 0.05592, 27, '2023-05-13 15:58:11', '2023-05-13 15:58:11');
INSERT INTO `tbl_ax` VALUES (4168, 0.73488, 27, '2023-05-13 15:58:11', '2023-05-13 15:58:11');
INSERT INTO `tbl_ax` VALUES (4169, 0.42626, 27, '2023-05-13 15:58:11', '2023-05-13 15:58:11');
INSERT INTO `tbl_ax` VALUES (4170, -0.54074, 27, '2023-05-13 15:58:11', '2023-05-13 15:58:11');
INSERT INTO `tbl_ax` VALUES (4171, 0.46741, 27, '2023-05-13 15:58:11', '2023-05-13 15:58:11');
INSERT INTO `tbl_ax` VALUES (4172, -0.21155, 27, '2023-05-13 15:58:11', '2023-05-13 15:58:11');
INSERT INTO `tbl_ax` VALUES (4173, -0.80821, 27, '2023-05-13 15:58:11', '2023-05-13 15:58:11');
INSERT INTO `tbl_ax` VALUES (4174, -0.43787, 27, '2023-05-13 15:58:11', '2023-05-13 15:58:11');
INSERT INTO `tbl_ax` VALUES (4175, 0.05592, 27, '2023-05-13 15:58:11', '2023-05-13 15:58:11');
INSERT INTO `tbl_ax` VALUES (4176, 0.73488, 27, '2023-05-13 15:58:11', '2023-05-13 15:58:11');
INSERT INTO `tbl_ax` VALUES (4177, -0.1704, 27, '2023-05-13 15:58:11', '2023-05-13 15:58:11');
INSERT INTO `tbl_ax` VALUES (4178, -0.1704, 27, '2023-05-13 15:58:11', '2023-05-13 15:58:11');
INSERT INTO `tbl_ax` VALUES (4179, -0.1704, 27, '2023-05-13 15:58:11', '2023-05-13 15:58:11');
INSERT INTO `tbl_ax` VALUES (4180, 0.26167, 27, '2023-05-13 15:58:11', '2023-05-13 15:58:11');
INSERT INTO `tbl_ax` VALUES (4181, 0.09707, 27, '2023-05-13 15:58:11', '2023-05-13 15:58:11');
INSERT INTO `tbl_ax` VALUES (4182, 0.57029, 27, '2023-05-13 15:58:11', '2023-05-13 15:58:11');
INSERT INTO `tbl_ax` VALUES (4183, -0.21155, 27, '2023-05-13 15:58:11', '2023-05-13 15:58:11');
INSERT INTO `tbl_ax` VALUES (4184, 0.05592, 27, '2023-05-13 15:58:11', '2023-05-13 15:58:11');
INSERT INTO `tbl_ax` VALUES (4185, -0.43787, 27, '2023-05-13 15:58:11', '2023-05-13 15:58:11');
INSERT INTO `tbl_ax` VALUES (4186, -0.91108, 27, '2023-05-13 15:58:11', '2023-05-13 15:58:11');
INSERT INTO `tbl_ax` VALUES (4187, -0.74649, 27, '2023-05-13 15:58:11', '2023-05-13 15:58:11');
INSERT INTO `tbl_ax` VALUES (4188, -0.0058, 27, '2023-05-13 15:58:11', '2023-05-13 15:58:11');
INSERT INTO `tbl_ax` VALUES (4189, 0.09707, 27, '2023-05-13 15:58:11', '2023-05-13 15:58:11');
INSERT INTO `tbl_ax` VALUES (4190, -0.21155, 27, '2023-05-13 15:58:11', '2023-05-13 15:58:11');
INSERT INTO `tbl_ax` VALUES (4191, -0.335, 27, '2023-05-13 15:58:11', '2023-05-13 15:58:11');
INSERT INTO `tbl_ax` VALUES (4192, -0.335, 27, '2023-05-13 15:58:11', '2023-05-13 15:58:11');
INSERT INTO `tbl_ax` VALUES (4193, -0.21155, 27, '2023-05-13 15:58:11', '2023-05-13 15:58:11');
INSERT INTO `tbl_ax` VALUES (4194, -0.06753, 27, '2023-05-13 15:58:11', '2023-05-13 15:58:11');
INSERT INTO `tbl_ax` VALUES (4195, -0.10868, 27, '2023-05-13 15:58:11', '2023-05-13 15:58:11');
INSERT INTO `tbl_ax` VALUES (4196, -0.27327, 27, '2023-05-13 15:58:11', '2023-05-13 15:58:11');
INSERT INTO `tbl_ax` VALUES (4197, -0.58189, 27, '2023-05-13 15:58:11', '2023-05-13 15:58:11');
INSERT INTO `tbl_ax` VALUES (4198, -0.58189, 27, '2023-05-13 15:58:11', '2023-05-13 15:58:11');
INSERT INTO `tbl_ax` VALUES (4199, -0.64361, 27, '2023-05-13 15:58:11', '2023-05-13 15:58:11');
INSERT INTO `tbl_ax` VALUES (4200, -0.43787, 27, '2023-05-13 15:58:11', '2023-05-13 15:58:11');
INSERT INTO `tbl_ax` VALUES (4201, -0.43787, 27, '2023-05-13 15:58:11', '2023-05-13 15:58:11');
INSERT INTO `tbl_ax` VALUES (4202, -0.47902, 27, '2023-05-13 15:58:11', '2023-05-13 15:58:11');
INSERT INTO `tbl_ax` VALUES (4203, -0.10868, 27, '2023-05-13 15:58:11', '2023-05-13 15:58:11');
INSERT INTO `tbl_ax` VALUES (4204, -0.37614, 27, '2023-05-13 15:58:11', '2023-05-13 15:58:11');
INSERT INTO `tbl_ax` VALUES (4205, -0.335, 27, '2023-05-13 15:58:11', '2023-05-13 15:58:11');
INSERT INTO `tbl_ax` VALUES (4206, -0.37614, 27, '2023-05-13 15:58:11', '2023-05-13 15:58:11');
INSERT INTO `tbl_ax` VALUES (4207, -0.37614, 27, '2023-05-13 15:58:11', '2023-05-13 15:58:11');
INSERT INTO `tbl_ax` VALUES (4208, -0.06753, 27, '2023-05-13 15:58:11', '2023-05-13 15:58:11');
INSERT INTO `tbl_ax` VALUES (4209, -0.27327, 27, '2023-05-13 15:58:11', '2023-05-13 15:58:11');
INSERT INTO `tbl_ax` VALUES (4210, -0.21155, 27, '2023-05-13 15:58:11', '2023-05-13 15:58:11');
INSERT INTO `tbl_ax` VALUES (4211, -0.335, 27, '2023-05-13 15:58:11', '2023-05-13 15:58:11');
INSERT INTO `tbl_ax` VALUES (4212, -0.27327, 27, '2023-05-13 15:58:11', '2023-05-13 15:58:11');
INSERT INTO `tbl_ax` VALUES (4213, -0.27327, 27, '2023-05-13 15:58:11', '2023-05-13 15:58:11');
INSERT INTO `tbl_ax` VALUES (4214, -0.1704, 27, '2023-05-13 15:58:11', '2023-05-13 15:58:11');
INSERT INTO `tbl_ax` VALUES (4215, 0.05592, 27, '2023-05-13 15:58:11', '2023-05-13 15:58:11');
INSERT INTO `tbl_ax` VALUES (4216, 0.52914, 27, '2023-05-13 15:58:11', '2023-05-13 15:58:11');
INSERT INTO `tbl_ax` VALUES (4217, 0.57029, 27, '2023-05-13 15:58:11', '2023-05-13 15:58:11');
INSERT INTO `tbl_ax` VALUES (4218, 0.42626, 27, '2023-05-13 15:58:11', '2023-05-13 15:58:11');
INSERT INTO `tbl_ax` VALUES (4219, 0.15879, 27, '2023-05-13 15:58:11', '2023-05-13 15:58:11');

-- ----------------------------
-- Table structure for tbl_ay
-- ----------------------------
DROP TABLE IF EXISTS `tbl_ay`;
CREATE TABLE `tbl_ay`  (
  `id` int UNSIGNED NOT NULL AUTO_INCREMENT COMMENT '主键id',
  `ay` double NULL DEFAULT NULL COMMENT '纵向加速度',
  `accident_id` int NULL DEFAULT NULL COMMENT '事故信息id',
  `create_time` datetime NULL DEFAULT CURRENT_TIMESTAMP COMMENT '创建时间',
  `update_time` datetime NULL DEFAULT CURRENT_TIMESTAMP ON UPDATE CURRENT_TIMESTAMP COMMENT '更新时间',
  PRIMARY KEY (`id`) USING BTREE
) ENGINE = InnoDB AUTO_INCREMENT = 2274 CHARACTER SET = utf8mb4 COLLATE = utf8mb4_0900_ai_ci ROW_FORMAT = Dynamic;

-- ----------------------------
-- Records of tbl_ay
-- ----------------------------
INSERT INTO `tbl_ay` VALUES (1950, 1.06454, 26, '2023-05-13 15:58:11', '2023-05-13 15:58:11');
INSERT INTO `tbl_ay` VALUES (1951, -0.18568, 26, '2023-05-13 15:58:11', '2023-05-13 15:58:11');
INSERT INTO `tbl_ay` VALUES (1952, -2.98839, 26, '2023-05-13 15:58:11', '2023-05-13 15:58:11');
INSERT INTO `tbl_ay` VALUES (1953, -1.46339, 26, '2023-05-13 15:58:11', '2023-05-13 15:58:11');
INSERT INTO `tbl_ay` VALUES (1954, -4.00506, 26, '2023-05-13 15:58:11', '2023-05-13 15:58:11');
INSERT INTO `tbl_ay` VALUES (1955, -5.21407, 26, '2023-05-13 15:58:11', '2023-05-13 15:58:11');
INSERT INTO `tbl_ay` VALUES (1956, -2.41136, 26, '2023-05-13 15:58:11', '2023-05-13 15:58:11');
INSERT INTO `tbl_ay` VALUES (1957, -3.55168, 26, '2023-05-13 15:58:11', '2023-05-13 15:58:11');
INSERT INTO `tbl_ay` VALUES (1958, -1.24357, 26, '2023-05-13 15:58:11', '2023-05-13 15:58:11');
INSERT INTO `tbl_ay` VALUES (1959, 0.10283, 26, '2023-05-13 15:58:11', '2023-05-13 15:58:11');
INSERT INTO `tbl_ay` VALUES (1960, 1.38054, 26, '2023-05-13 15:58:11', '2023-05-13 15:58:11');
INSERT INTO `tbl_ay` VALUES (1961, 2.65824, 26, '2023-05-13 15:58:11', '2023-05-13 15:58:11');
INSERT INTO `tbl_ay` VALUES (1962, 3.61995, 26, '2023-05-13 15:58:11', '2023-05-13 15:58:11');
INSERT INTO `tbl_ay` VALUES (1963, 4.32063, 26, '2023-05-13 15:58:11', '2023-05-13 15:58:11');
INSERT INTO `tbl_ay` VALUES (1964, 3.04293, 26, '2023-05-13 15:58:11', '2023-05-13 15:58:11');
INSERT INTO `tbl_ay` VALUES (1965, 3.37266, 26, '2023-05-13 15:58:11', '2023-05-13 15:58:11');
INSERT INTO `tbl_ay` VALUES (1966, 3.75734, 26, '2023-05-13 15:58:11', '2023-05-13 15:58:11');
INSERT INTO `tbl_ay` VALUES (1967, 2.45216, 26, '2023-05-13 15:58:11', '2023-05-13 15:58:11');
INSERT INTO `tbl_ay` VALUES (1968, 1.91635, 26, '2023-05-13 15:58:11', '2023-05-13 15:58:11');
INSERT INTO `tbl_ay` VALUES (1969, 1.02333, 26, '2023-05-13 15:58:11', '2023-05-13 15:58:11');
INSERT INTO `tbl_ay` VALUES (1970, -0.21316, 26, '2023-05-13 15:58:11', '2023-05-13 15:58:11');
INSERT INTO `tbl_ay` VALUES (1971, -1.77938, 26, '2023-05-13 15:58:11', '2023-05-13 15:58:11');
INSERT INTO `tbl_ay` VALUES (1972, -5.1179, 26, '2023-05-13 15:58:11', '2023-05-13 15:58:11');
INSERT INTO `tbl_ay` VALUES (1973, -3.08456, 26, '2023-05-13 15:58:11', '2023-05-13 15:58:11');
INSERT INTO `tbl_ay` VALUES (1974, -7.20619, 26, '2023-05-13 15:58:11', '2023-05-13 15:58:11');
INSERT INTO `tbl_ay` VALUES (1975, -8.86858, 26, '2023-05-13 15:58:11', '2023-05-13 15:58:11');
INSERT INTO `tbl_ay` VALUES (1976, -11.14922, 26, '2023-05-13 15:58:11', '2023-05-13 15:58:11');
INSERT INTO `tbl_ay` VALUES (1977, -12.00102, 26, '2023-05-13 15:58:11', '2023-05-13 15:58:11');
INSERT INTO `tbl_ay` VALUES (1978, -10.18751, 26, '2023-05-13 15:58:11', '2023-05-13 15:58:11');
INSERT INTO `tbl_ay` VALUES (1979, -7.02759, 26, '2023-05-13 15:58:11', '2023-05-13 15:58:11');
INSERT INTO `tbl_ay` VALUES (1980, -8.68998, 26, '2023-05-13 15:58:11', '2023-05-13 15:58:11');
INSERT INTO `tbl_ay` VALUES (1981, -4.58209, 26, '2023-05-13 15:58:11', '2023-05-13 15:58:11');
INSERT INTO `tbl_ay` VALUES (1982, -2.41136, 26, '2023-05-13 15:58:11', '2023-05-13 15:58:11');
INSERT INTO `tbl_ay` VALUES (1983, -0.95505, 26, '2023-05-13 15:58:11', '2023-05-13 15:58:11');
INSERT INTO `tbl_ay` VALUES (1984, 0.74855, 26, '2023-05-13 15:58:11', '2023-05-13 15:58:11');
INSERT INTO `tbl_ay` VALUES (1985, -0.74897, 26, '2023-05-13 15:58:11', '2023-05-13 15:58:11');
INSERT INTO `tbl_ay` VALUES (1986, -1.77938, 26, '2023-05-13 15:58:11', '2023-05-13 15:58:11');
INSERT INTO `tbl_ay` VALUES (1987, -3.86767, 26, '2023-05-13 15:58:11', '2023-05-13 15:58:11');
INSERT INTO `tbl_ay` VALUES (1988, -2.02668, 26, '2023-05-13 15:58:11', '2023-05-13 15:58:11');
INSERT INTO `tbl_ay` VALUES (1989, -0.85888, 26, '2023-05-13 15:58:11', '2023-05-13 15:58:11');
INSERT INTO `tbl_ay` VALUES (1990, 0.35013, 26, '2023-05-13 15:58:11', '2023-05-13 15:58:11');
INSERT INTO `tbl_ay` VALUES (1991, 1.62783, 26, '2023-05-13 15:58:11', '2023-05-13 15:58:11');
INSERT INTO `tbl_ay` VALUES (1992, 3.12536, 26, '2023-05-13 15:58:11', '2023-05-13 15:58:11');
INSERT INTO `tbl_ay` VALUES (1993, 2.27356, 26, '2023-05-13 15:58:11', '2023-05-13 15:58:11');
INSERT INTO `tbl_ay` VALUES (1994, 1.09202, 26, '2023-05-13 15:58:11', '2023-05-13 15:58:11');
INSERT INTO `tbl_ay` VALUES (1995, -0.10325, 26, '2023-05-13 15:58:11', '2023-05-13 15:58:11');
INSERT INTO `tbl_ay` VALUES (1996, -0.63906, 26, '2023-05-13 15:58:11', '2023-05-13 15:58:11');
INSERT INTO `tbl_ay` VALUES (1997, 0.28143, 26, '2023-05-13 15:58:11', '2023-05-13 15:58:11');
INSERT INTO `tbl_ay` VALUES (1998, 1.51792, 26, '2023-05-13 15:58:11', '2023-05-13 15:58:11');
INSERT INTO `tbl_ay` VALUES (1999, 2.76815, 26, '2023-05-13 15:58:11', '2023-05-13 15:58:11');
INSERT INTO `tbl_ay` VALUES (2000, 3.61995, 26, '2023-05-13 15:58:11', '2023-05-13 15:58:11');
INSERT INTO `tbl_ay` VALUES (2001, 4.74653, 26, '2023-05-13 15:58:11', '2023-05-13 15:58:11');
INSERT INTO `tbl_ay` VALUES (2002, 5.77694, 26, '2023-05-13 15:58:11', '2023-05-13 15:58:11');
INSERT INTO `tbl_ay` VALUES (2003, 6.27154, 26, '2023-05-13 15:58:11', '2023-05-13 15:58:11');
INSERT INTO `tbl_ay` VALUES (2004, 5.41973, 26, '2023-05-13 15:58:11', '2023-05-13 15:58:11');
INSERT INTO `tbl_ay` VALUES (2005, 4.60915, 26, '2023-05-13 15:58:11', '2023-05-13 15:58:11');
INSERT INTO `tbl_ay` VALUES (2006, 3.57874, 26, '2023-05-13 15:58:11', '2023-05-13 15:58:11');
INSERT INTO `tbl_ay` VALUES (2007, 2.30103, 26, '2023-05-13 15:58:11', '2023-05-13 15:58:11');
INSERT INTO `tbl_ay` VALUES (2008, 1.27063, 26, '2023-05-13 15:58:11', '2023-05-13 15:58:11');
INSERT INTO `tbl_ay` VALUES (2009, 0.24022, 26, '2023-05-13 15:58:11', '2023-05-13 15:58:11');
INSERT INTO `tbl_ay` VALUES (2010, -0.61159, 26, '2023-05-13 15:58:11', '2023-05-13 15:58:11');
INSERT INTO `tbl_ay` VALUES (2011, -0.28186, 26, '2023-05-13 15:58:11', '2023-05-13 15:58:11');
INSERT INTO `tbl_ay` VALUES (2012, 0.07535, 26, '2023-05-13 15:58:11', '2023-05-13 15:58:11');
INSERT INTO `tbl_ay` VALUES (2013, 0.59743, 26, '2023-05-13 15:58:11', '2023-05-13 15:58:11');
INSERT INTO `tbl_ay` VALUES (2014, 1.02333, 26, '2023-05-13 15:58:11', '2023-05-13 15:58:11');
INSERT INTO `tbl_ay` VALUES (2015, 0.92716, 26, '2023-05-13 15:58:11', '2023-05-13 15:58:11');
INSERT INTO `tbl_ay` VALUES (2016, 0.46004, 26, '2023-05-13 15:58:11', '2023-05-13 15:58:11');
INSERT INTO `tbl_ay` VALUES (2017, -0.28186, 26, '2023-05-13 15:58:11', '2023-05-13 15:58:11');
INSERT INTO `tbl_ay` VALUES (2018, -0.61159, 26, '2023-05-13 15:58:11', '2023-05-13 15:58:11');
INSERT INTO `tbl_ay` VALUES (2019, -0.18568, 26, '2023-05-13 15:58:11', '2023-05-13 15:58:11');
INSERT INTO `tbl_ay` VALUES (2020, 0.10283, 26, '2023-05-13 15:58:11', '2023-05-13 15:58:11');
INSERT INTO `tbl_ay` VALUES (2021, 0.10283, 26, '2023-05-13 15:58:11', '2023-05-13 15:58:11');
INSERT INTO `tbl_ay` VALUES (2022, -0.39177, 26, '2023-05-13 15:58:11', '2023-05-13 15:58:11');
INSERT INTO `tbl_ay` VALUES (2023, -1.06496, 26, '2023-05-13 15:58:11', '2023-05-13 15:58:11');
INSERT INTO `tbl_ay` VALUES (2024, -1.42217, 26, '2023-05-13 15:58:11', '2023-05-13 15:58:11');
INSERT INTO `tbl_ay` VALUES (2025, -0.99627, 26, '2023-05-13 15:58:11', '2023-05-13 15:58:11');
INSERT INTO `tbl_ay` VALUES (2026, -0.70776, 26, '2023-05-13 15:58:11', '2023-05-13 15:58:11');
INSERT INTO `tbl_ay` VALUES (2027, -1.03749, 26, '2023-05-13 15:58:11', '2023-05-13 15:58:11');
INSERT INTO `tbl_ay` VALUES (2028, -1.17487, 26, '2023-05-13 15:58:11', '2023-05-13 15:58:11');
INSERT INTO `tbl_ay` VALUES (2029, -0.85888, 26, '2023-05-13 15:58:11', '2023-05-13 15:58:11');
INSERT INTO `tbl_ay` VALUES (2030, -0.46046, 26, '2023-05-13 15:58:11', '2023-05-13 15:58:11');
INSERT INTO `tbl_ay` VALUES (2031, -0.07577, 26, '2023-05-13 15:58:11', '2023-05-13 15:58:11');
INSERT INTO `tbl_ay` VALUES (2032, -0.07577, 26, '2023-05-13 15:58:11', '2023-05-13 15:58:11');
INSERT INTO `tbl_ay` VALUES (2033, -0.50168, 26, '2023-05-13 15:58:11', '2023-05-13 15:58:11');
INSERT INTO `tbl_ay` VALUES (2034, -0.61159, 26, '2023-05-13 15:58:11', '2023-05-13 15:58:11');
INSERT INTO `tbl_ay` VALUES (2035, -0.77645, 26, '2023-05-13 15:58:11', '2023-05-13 15:58:11');
INSERT INTO `tbl_ay` VALUES (2036, -0.77645, 26, '2023-05-13 15:58:11', '2023-05-13 15:58:11');
INSERT INTO `tbl_ay` VALUES (2037, -0.88636, 26, '2023-05-13 15:58:11', '2023-05-13 15:58:11');
INSERT INTO `tbl_ay` VALUES (2038, -0.95505, 26, '2023-05-13 15:58:11', '2023-05-13 15:58:11');
INSERT INTO `tbl_ay` VALUES (2039, -0.70776, 26, '2023-05-13 15:58:11', '2023-05-13 15:58:11');
INSERT INTO `tbl_ay` VALUES (2040, -0.46046, 26, '2023-05-13 15:58:11', '2023-05-13 15:58:11');
INSERT INTO `tbl_ay` VALUES (2041, -0.52915, 26, '2023-05-13 15:58:11', '2023-05-13 15:58:11');
INSERT INTO `tbl_ay` VALUES (2042, -0.88636, 26, '2023-05-13 15:58:11', '2023-05-13 15:58:11');
INSERT INTO `tbl_ay` VALUES (2043, -0.88636, 26, '2023-05-13 15:58:11', '2023-05-13 15:58:11');
INSERT INTO `tbl_ay` VALUES (2044, -0.70776, 26, '2023-05-13 15:58:11', '2023-05-13 15:58:11');
INSERT INTO `tbl_ay` VALUES (2045, -0.46046, 26, '2023-05-13 15:58:11', '2023-05-13 15:58:11');
INSERT INTO `tbl_ay` VALUES (2046, -0.43298, 26, '2023-05-13 15:58:11', '2023-05-13 15:58:11');
INSERT INTO `tbl_ay` VALUES (2047, -0.70776, 26, '2023-05-13 15:58:11', '2023-05-13 15:58:11');
INSERT INTO `tbl_ay` VALUES (2048, -0.57037, 26, '2023-05-13 15:58:11', '2023-05-13 15:58:11');
INSERT INTO `tbl_ay` VALUES (2049, -0.63906, 26, '2023-05-13 15:58:11', '2023-05-13 15:58:11');
INSERT INTO `tbl_ay` VALUES (2050, -0.63906, 26, '2023-05-13 15:58:11', '2023-05-13 15:58:11');
INSERT INTO `tbl_ay` VALUES (2051, -0.63906, 26, '2023-05-13 15:58:11', '2023-05-13 15:58:11');
INSERT INTO `tbl_ay` VALUES (2052, -0.70776, 26, '2023-05-13 15:58:11', '2023-05-13 15:58:11');
INSERT INTO `tbl_ay` VALUES (2053, -0.81767, 26, '2023-05-13 15:58:11', '2023-05-13 15:58:11');
INSERT INTO `tbl_ay` VALUES (2054, -0.77645, 26, '2023-05-13 15:58:11', '2023-05-13 15:58:11');
INSERT INTO `tbl_ay` VALUES (2055, -0.77645, 26, '2023-05-13 15:58:11', '2023-05-13 15:58:11');
INSERT INTO `tbl_ay` VALUES (2056, -0.68028, 26, '2023-05-13 15:58:11', '2023-05-13 15:58:11');
INSERT INTO `tbl_ay` VALUES (2057, -0.50168, 26, '2023-05-13 15:58:11', '2023-05-13 15:58:11');
INSERT INTO `tbl_ay` VALUES (2058, -0.61159, 26, '2023-05-13 15:58:11', '2023-05-13 15:58:11');
INSERT INTO `tbl_ay` VALUES (2059, -0.46046, 26, '2023-05-13 15:58:11', '2023-05-13 15:58:11');
INSERT INTO `tbl_ay` VALUES (2060, -0.35055, 26, '2023-05-13 15:58:11', '2023-05-13 15:58:11');
INSERT INTO `tbl_ay` VALUES (2061, -0.14447, 26, '2023-05-13 15:58:11', '2023-05-13 15:58:11');
INSERT INTO `tbl_ay` VALUES (2062, -0.39177, 26, '2023-05-13 15:58:11', '2023-05-13 15:58:11');
INSERT INTO `tbl_ay` VALUES (2063, -0.50168, 26, '2023-05-13 15:58:11', '2023-05-13 15:58:11');
INSERT INTO `tbl_ay` VALUES (2064, -0.52915, 26, '2023-05-13 15:58:11', '2023-05-13 15:58:11');
INSERT INTO `tbl_ay` VALUES (2065, -0.52915, 26, '2023-05-13 15:58:11', '2023-05-13 15:58:11');
INSERT INTO `tbl_ay` VALUES (2066, -0.68028, 26, '2023-05-13 15:58:11', '2023-05-13 15:58:11');
INSERT INTO `tbl_ay` VALUES (2067, -0.57037, 26, '2023-05-13 15:58:11', '2023-05-13 15:58:11');
INSERT INTO `tbl_ay` VALUES (2068, -0.68028, 26, '2023-05-13 15:58:11', '2023-05-13 15:58:11');
INSERT INTO `tbl_ay` VALUES (2069, -0.68028, 26, '2023-05-13 15:58:11', '2023-05-13 15:58:11');
INSERT INTO `tbl_ay` VALUES (2070, -0.68028, 26, '2023-05-13 15:58:11', '2023-05-13 15:58:11');
INSERT INTO `tbl_ay` VALUES (2071, -0.50168, 26, '2023-05-13 15:58:11', '2023-05-13 15:58:11');
INSERT INTO `tbl_ay` VALUES (2072, -0.35055, 26, '2023-05-13 15:58:11', '2023-05-13 15:58:11');
INSERT INTO `tbl_ay` VALUES (2073, -0.25438, 26, '2023-05-13 15:58:11', '2023-05-13 15:58:11');
INSERT INTO `tbl_ay` VALUES (2074, -0.28186, 26, '2023-05-13 15:58:11', '2023-05-13 15:58:11');
INSERT INTO `tbl_ay` VALUES (2075, -0.21316, 26, '2023-05-13 15:58:11', '2023-05-13 15:58:11');
INSERT INTO `tbl_ay` VALUES (2076, -0.25438, 26, '2023-05-13 15:58:11', '2023-05-13 15:58:11');
INSERT INTO `tbl_ay` VALUES (2077, -0.25438, 26, '2023-05-13 15:58:11', '2023-05-13 15:58:11');
INSERT INTO `tbl_ay` VALUES (2078, -0.39177, 26, '2023-05-13 15:58:11', '2023-05-13 15:58:11');
INSERT INTO `tbl_ay` VALUES (2079, -0.32307, 26, '2023-05-13 15:58:11', '2023-05-13 15:58:11');
INSERT INTO `tbl_ay` VALUES (2080, -0.39177, 26, '2023-05-13 15:58:11', '2023-05-13 15:58:11');
INSERT INTO `tbl_ay` VALUES (2081, -0.32307, 26, '2023-05-13 15:58:11', '2023-05-13 15:58:11');
INSERT INTO `tbl_ay` VALUES (2082, -0.28186, 26, '2023-05-13 15:58:11', '2023-05-13 15:58:11');
INSERT INTO `tbl_ay` VALUES (2083, -0.39177, 26, '2023-05-13 15:58:11', '2023-05-13 15:58:11');
INSERT INTO `tbl_ay` VALUES (2084, -0.43298, 26, '2023-05-13 15:58:11', '2023-05-13 15:58:11');
INSERT INTO `tbl_ay` VALUES (2085, -0.46046, 26, '2023-05-13 15:58:11', '2023-05-13 15:58:11');
INSERT INTO `tbl_ay` VALUES (2086, -0.32307, 26, '2023-05-13 15:58:11', '2023-05-13 15:58:11');
INSERT INTO `tbl_ay` VALUES (2087, -0.25438, 26, '2023-05-13 15:58:11', '2023-05-13 15:58:11');
INSERT INTO `tbl_ay` VALUES (2088, -0.35055, 26, '2023-05-13 15:58:11', '2023-05-13 15:58:11');
INSERT INTO `tbl_ay` VALUES (2089, -0.46046, 26, '2023-05-13 15:58:11', '2023-05-13 15:58:11');
INSERT INTO `tbl_ay` VALUES (2090, -0.28186, 26, '2023-05-13 15:58:11', '2023-05-13 15:58:11');
INSERT INTO `tbl_ay` VALUES (2091, -0.52915, 26, '2023-05-13 15:58:11', '2023-05-13 15:58:11');
INSERT INTO `tbl_ay` VALUES (2092, -0.28186, 26, '2023-05-13 15:58:11', '2023-05-13 15:58:11');
INSERT INTO `tbl_ay` VALUES (2093, -0.28186, 26, '2023-05-13 15:58:11', '2023-05-13 15:58:11');
INSERT INTO `tbl_ay` VALUES (2094, -0.14447, 26, '2023-05-13 15:58:11', '2023-05-13 15:58:11');
INSERT INTO `tbl_ay` VALUES (2095, -0.25438, 26, '2023-05-13 15:58:11', '2023-05-13 15:58:11');
INSERT INTO `tbl_ay` VALUES (2096, -0.21316, 26, '2023-05-13 15:58:11', '2023-05-13 15:58:11');
INSERT INTO `tbl_ay` VALUES (2097, -0.25438, 26, '2023-05-13 15:58:11', '2023-05-13 15:58:11');
INSERT INTO `tbl_ay` VALUES (2098, -0.21316, 26, '2023-05-13 15:58:11', '2023-05-13 15:58:11');
INSERT INTO `tbl_ay` VALUES (2099, -0.25438, 26, '2023-05-13 15:58:11', '2023-05-13 15:58:11');
INSERT INTO `tbl_ay` VALUES (2100, -0.25438, 26, '2023-05-13 15:58:11', '2023-05-13 15:58:11');
INSERT INTO `tbl_ay` VALUES (2101, -0.07577, 26, '2023-05-13 15:58:11', '2023-05-13 15:58:11');
INSERT INTO `tbl_ay` VALUES (2102, -0.03456, 26, '2023-05-13 15:58:11', '2023-05-13 15:58:11');
INSERT INTO `tbl_ay` VALUES (2103, -0.00708, 26, '2023-05-13 15:58:11', '2023-05-13 15:58:11');
INSERT INTO `tbl_ay` VALUES (2104, -0.25438, 26, '2023-05-13 15:58:11', '2023-05-13 15:58:11');
INSERT INTO `tbl_ay` VALUES (2105, -0.25438, 26, '2023-05-13 15:58:11', '2023-05-13 15:58:11');
INSERT INTO `tbl_ay` VALUES (2106, -0.03456, 26, '2023-05-13 15:58:11', '2023-05-13 15:58:11');
INSERT INTO `tbl_ay` VALUES (2107, -0.21316, 26, '2023-05-13 15:58:11', '2023-05-13 15:58:11');
INSERT INTO `tbl_ay` VALUES (2108, -0.07577, 26, '2023-05-13 15:58:11', '2023-05-13 15:58:11');
INSERT INTO `tbl_ay` VALUES (2109, 0.14405, 26, '2023-05-13 15:58:11', '2023-05-13 15:58:11');
INSERT INTO `tbl_ay` VALUES (2110, 0.14405, 26, '2023-05-13 15:58:11', '2023-05-13 15:58:11');
INSERT INTO `tbl_ay` VALUES (2111, -0.03456, 26, '2023-05-13 15:58:11', '2023-05-13 15:58:11');
INSERT INTO `tbl_ay` VALUES (2112, 1.06454, 27, '2023-05-13 15:58:11', '2023-05-13 15:58:11');
INSERT INTO `tbl_ay` VALUES (2113, -0.18568, 27, '2023-05-13 15:58:11', '2023-05-13 15:58:11');
INSERT INTO `tbl_ay` VALUES (2114, -2.98839, 27, '2023-05-13 15:58:11', '2023-05-13 15:58:11');
INSERT INTO `tbl_ay` VALUES (2115, -1.46339, 27, '2023-05-13 15:58:11', '2023-05-13 15:58:11');
INSERT INTO `tbl_ay` VALUES (2116, -4.00506, 27, '2023-05-13 15:58:11', '2023-05-13 15:58:11');
INSERT INTO `tbl_ay` VALUES (2117, -5.21407, 27, '2023-05-13 15:58:11', '2023-05-13 15:58:11');
INSERT INTO `tbl_ay` VALUES (2118, -2.41136, 27, '2023-05-13 15:58:11', '2023-05-13 15:58:11');
INSERT INTO `tbl_ay` VALUES (2119, -3.55168, 27, '2023-05-13 15:58:11', '2023-05-13 15:58:11');
INSERT INTO `tbl_ay` VALUES (2120, -1.24357, 27, '2023-05-13 15:58:11', '2023-05-13 15:58:11');
INSERT INTO `tbl_ay` VALUES (2121, 0.10283, 27, '2023-05-13 15:58:11', '2023-05-13 15:58:11');
INSERT INTO `tbl_ay` VALUES (2122, 1.38054, 27, '2023-05-13 15:58:11', '2023-05-13 15:58:11');
INSERT INTO `tbl_ay` VALUES (2123, 2.65824, 27, '2023-05-13 15:58:11', '2023-05-13 15:58:11');
INSERT INTO `tbl_ay` VALUES (2124, 3.61995, 27, '2023-05-13 15:58:11', '2023-05-13 15:58:11');
INSERT INTO `tbl_ay` VALUES (2125, 4.32063, 27, '2023-05-13 15:58:11', '2023-05-13 15:58:11');
INSERT INTO `tbl_ay` VALUES (2126, 3.04293, 27, '2023-05-13 15:58:11', '2023-05-13 15:58:11');
INSERT INTO `tbl_ay` VALUES (2127, 3.37266, 27, '2023-05-13 15:58:11', '2023-05-13 15:58:11');
INSERT INTO `tbl_ay` VALUES (2128, 3.75734, 27, '2023-05-13 15:58:11', '2023-05-13 15:58:11');
INSERT INTO `tbl_ay` VALUES (2129, 2.45216, 27, '2023-05-13 15:58:11', '2023-05-13 15:58:11');
INSERT INTO `tbl_ay` VALUES (2130, 1.91635, 27, '2023-05-13 15:58:11', '2023-05-13 15:58:11');
INSERT INTO `tbl_ay` VALUES (2131, 1.02333, 27, '2023-05-13 15:58:11', '2023-05-13 15:58:11');
INSERT INTO `tbl_ay` VALUES (2132, -0.21316, 27, '2023-05-13 15:58:11', '2023-05-13 15:58:11');
INSERT INTO `tbl_ay` VALUES (2133, -1.77938, 27, '2023-05-13 15:58:11', '2023-05-13 15:58:11');
INSERT INTO `tbl_ay` VALUES (2134, -5.1179, 27, '2023-05-13 15:58:11', '2023-05-13 15:58:11');
INSERT INTO `tbl_ay` VALUES (2135, -3.08456, 27, '2023-05-13 15:58:11', '2023-05-13 15:58:11');
INSERT INTO `tbl_ay` VALUES (2136, -7.20619, 27, '2023-05-13 15:58:11', '2023-05-13 15:58:11');
INSERT INTO `tbl_ay` VALUES (2137, -8.86858, 27, '2023-05-13 15:58:11', '2023-05-13 15:58:11');
INSERT INTO `tbl_ay` VALUES (2138, -11.14922, 27, '2023-05-13 15:58:11', '2023-05-13 15:58:11');
INSERT INTO `tbl_ay` VALUES (2139, -12.00102, 27, '2023-05-13 15:58:11', '2023-05-13 15:58:11');
INSERT INTO `tbl_ay` VALUES (2140, -10.18751, 27, '2023-05-13 15:58:11', '2023-05-13 15:58:11');
INSERT INTO `tbl_ay` VALUES (2141, -7.02759, 27, '2023-05-13 15:58:11', '2023-05-13 15:58:11');
INSERT INTO `tbl_ay` VALUES (2142, -8.68998, 27, '2023-05-13 15:58:11', '2023-05-13 15:58:11');
INSERT INTO `tbl_ay` VALUES (2143, -4.58209, 27, '2023-05-13 15:58:11', '2023-05-13 15:58:11');
INSERT INTO `tbl_ay` VALUES (2144, -2.41136, 27, '2023-05-13 15:58:11', '2023-05-13 15:58:11');
INSERT INTO `tbl_ay` VALUES (2145, -0.95505, 27, '2023-05-13 15:58:11', '2023-05-13 15:58:11');
INSERT INTO `tbl_ay` VALUES (2146, 0.74855, 27, '2023-05-13 15:58:11', '2023-05-13 15:58:11');
INSERT INTO `tbl_ay` VALUES (2147, -0.74897, 27, '2023-05-13 15:58:11', '2023-05-13 15:58:11');
INSERT INTO `tbl_ay` VALUES (2148, -1.77938, 27, '2023-05-13 15:58:11', '2023-05-13 15:58:11');
INSERT INTO `tbl_ay` VALUES (2149, -3.86767, 27, '2023-05-13 15:58:11', '2023-05-13 15:58:11');
INSERT INTO `tbl_ay` VALUES (2150, -2.02668, 27, '2023-05-13 15:58:11', '2023-05-13 15:58:11');
INSERT INTO `tbl_ay` VALUES (2151, -0.85888, 27, '2023-05-13 15:58:11', '2023-05-13 15:58:11');
INSERT INTO `tbl_ay` VALUES (2152, 0.35013, 27, '2023-05-13 15:58:11', '2023-05-13 15:58:11');
INSERT INTO `tbl_ay` VALUES (2153, 1.62783, 27, '2023-05-13 15:58:11', '2023-05-13 15:58:11');
INSERT INTO `tbl_ay` VALUES (2154, 3.12536, 27, '2023-05-13 15:58:11', '2023-05-13 15:58:11');
INSERT INTO `tbl_ay` VALUES (2155, 2.27356, 27, '2023-05-13 15:58:11', '2023-05-13 15:58:11');
INSERT INTO `tbl_ay` VALUES (2156, 1.09202, 27, '2023-05-13 15:58:11', '2023-05-13 15:58:11');
INSERT INTO `tbl_ay` VALUES (2157, -0.10325, 27, '2023-05-13 15:58:11', '2023-05-13 15:58:11');
INSERT INTO `tbl_ay` VALUES (2158, -0.63906, 27, '2023-05-13 15:58:11', '2023-05-13 15:58:11');
INSERT INTO `tbl_ay` VALUES (2159, 0.28143, 27, '2023-05-13 15:58:11', '2023-05-13 15:58:11');
INSERT INTO `tbl_ay` VALUES (2160, 1.51792, 27, '2023-05-13 15:58:11', '2023-05-13 15:58:11');
INSERT INTO `tbl_ay` VALUES (2161, 2.76815, 27, '2023-05-13 15:58:11', '2023-05-13 15:58:11');
INSERT INTO `tbl_ay` VALUES (2162, 3.61995, 27, '2023-05-13 15:58:11', '2023-05-13 15:58:11');
INSERT INTO `tbl_ay` VALUES (2163, 4.74653, 27, '2023-05-13 15:58:11', '2023-05-13 15:58:11');
INSERT INTO `tbl_ay` VALUES (2164, 5.77694, 27, '2023-05-13 15:58:11', '2023-05-13 15:58:11');
INSERT INTO `tbl_ay` VALUES (2165, 6.27154, 27, '2023-05-13 15:58:11', '2023-05-13 15:58:11');
INSERT INTO `tbl_ay` VALUES (2166, 5.41973, 27, '2023-05-13 15:58:11', '2023-05-13 15:58:11');
INSERT INTO `tbl_ay` VALUES (2167, 4.60915, 27, '2023-05-13 15:58:11', '2023-05-13 15:58:11');
INSERT INTO `tbl_ay` VALUES (2168, 3.57874, 27, '2023-05-13 15:58:11', '2023-05-13 15:58:11');
INSERT INTO `tbl_ay` VALUES (2169, 2.30103, 27, '2023-05-13 15:58:11', '2023-05-13 15:58:11');
INSERT INTO `tbl_ay` VALUES (2170, 1.27063, 27, '2023-05-13 15:58:11', '2023-05-13 15:58:11');
INSERT INTO `tbl_ay` VALUES (2171, 0.24022, 27, '2023-05-13 15:58:11', '2023-05-13 15:58:11');
INSERT INTO `tbl_ay` VALUES (2172, -0.61159, 27, '2023-05-13 15:58:11', '2023-05-13 15:58:11');
INSERT INTO `tbl_ay` VALUES (2173, -0.28186, 27, '2023-05-13 15:58:11', '2023-05-13 15:58:11');
INSERT INTO `tbl_ay` VALUES (2174, 0.07535, 27, '2023-05-13 15:58:11', '2023-05-13 15:58:11');
INSERT INTO `tbl_ay` VALUES (2175, 0.59743, 27, '2023-05-13 15:58:11', '2023-05-13 15:58:11');
INSERT INTO `tbl_ay` VALUES (2176, 1.02333, 27, '2023-05-13 15:58:11', '2023-05-13 15:58:11');
INSERT INTO `tbl_ay` VALUES (2177, 0.92716, 27, '2023-05-13 15:58:11', '2023-05-13 15:58:11');
INSERT INTO `tbl_ay` VALUES (2178, 0.46004, 27, '2023-05-13 15:58:11', '2023-05-13 15:58:11');
INSERT INTO `tbl_ay` VALUES (2179, -0.28186, 27, '2023-05-13 15:58:11', '2023-05-13 15:58:11');
INSERT INTO `tbl_ay` VALUES (2180, -0.61159, 27, '2023-05-13 15:58:11', '2023-05-13 15:58:11');
INSERT INTO `tbl_ay` VALUES (2181, -0.18568, 27, '2023-05-13 15:58:11', '2023-05-13 15:58:11');
INSERT INTO `tbl_ay` VALUES (2182, 0.10283, 27, '2023-05-13 15:58:11', '2023-05-13 15:58:11');
INSERT INTO `tbl_ay` VALUES (2183, 0.10283, 27, '2023-05-13 15:58:11', '2023-05-13 15:58:11');
INSERT INTO `tbl_ay` VALUES (2184, -0.39177, 27, '2023-05-13 15:58:11', '2023-05-13 15:58:11');
INSERT INTO `tbl_ay` VALUES (2185, -1.06496, 27, '2023-05-13 15:58:11', '2023-05-13 15:58:11');
INSERT INTO `tbl_ay` VALUES (2186, -1.42217, 27, '2023-05-13 15:58:11', '2023-05-13 15:58:11');
INSERT INTO `tbl_ay` VALUES (2187, -0.99627, 27, '2023-05-13 15:58:11', '2023-05-13 15:58:11');
INSERT INTO `tbl_ay` VALUES (2188, -0.70776, 27, '2023-05-13 15:58:11', '2023-05-13 15:58:11');
INSERT INTO `tbl_ay` VALUES (2189, -1.03749, 27, '2023-05-13 15:58:11', '2023-05-13 15:58:11');
INSERT INTO `tbl_ay` VALUES (2190, -1.17487, 27, '2023-05-13 15:58:11', '2023-05-13 15:58:11');
INSERT INTO `tbl_ay` VALUES (2191, -0.85888, 27, '2023-05-13 15:58:11', '2023-05-13 15:58:11');
INSERT INTO `tbl_ay` VALUES (2192, -0.46046, 27, '2023-05-13 15:58:11', '2023-05-13 15:58:11');
INSERT INTO `tbl_ay` VALUES (2193, -0.07577, 27, '2023-05-13 15:58:11', '2023-05-13 15:58:11');
INSERT INTO `tbl_ay` VALUES (2194, -0.07577, 27, '2023-05-13 15:58:11', '2023-05-13 15:58:11');
INSERT INTO `tbl_ay` VALUES (2195, -0.50168, 27, '2023-05-13 15:58:11', '2023-05-13 15:58:11');
INSERT INTO `tbl_ay` VALUES (2196, -0.61159, 27, '2023-05-13 15:58:11', '2023-05-13 15:58:11');
INSERT INTO `tbl_ay` VALUES (2197, -0.77645, 27, '2023-05-13 15:58:11', '2023-05-13 15:58:11');
INSERT INTO `tbl_ay` VALUES (2198, -0.77645, 27, '2023-05-13 15:58:11', '2023-05-13 15:58:11');
INSERT INTO `tbl_ay` VALUES (2199, -0.88636, 27, '2023-05-13 15:58:11', '2023-05-13 15:58:11');
INSERT INTO `tbl_ay` VALUES (2200, -0.95505, 27, '2023-05-13 15:58:11', '2023-05-13 15:58:11');
INSERT INTO `tbl_ay` VALUES (2201, -0.70776, 27, '2023-05-13 15:58:11', '2023-05-13 15:58:11');
INSERT INTO `tbl_ay` VALUES (2202, -0.46046, 27, '2023-05-13 15:58:11', '2023-05-13 15:58:11');
INSERT INTO `tbl_ay` VALUES (2203, -0.52915, 27, '2023-05-13 15:58:11', '2023-05-13 15:58:11');
INSERT INTO `tbl_ay` VALUES (2204, -0.88636, 27, '2023-05-13 15:58:11', '2023-05-13 15:58:11');
INSERT INTO `tbl_ay` VALUES (2205, -0.88636, 27, '2023-05-13 15:58:11', '2023-05-13 15:58:11');
INSERT INTO `tbl_ay` VALUES (2206, -0.70776, 27, '2023-05-13 15:58:11', '2023-05-13 15:58:11');
INSERT INTO `tbl_ay` VALUES (2207, -0.46046, 27, '2023-05-13 15:58:11', '2023-05-13 15:58:11');
INSERT INTO `tbl_ay` VALUES (2208, -0.43298, 27, '2023-05-13 15:58:11', '2023-05-13 15:58:11');
INSERT INTO `tbl_ay` VALUES (2209, -0.70776, 27, '2023-05-13 15:58:11', '2023-05-13 15:58:11');
INSERT INTO `tbl_ay` VALUES (2210, -0.57037, 27, '2023-05-13 15:58:11', '2023-05-13 15:58:11');
INSERT INTO `tbl_ay` VALUES (2211, -0.63906, 27, '2023-05-13 15:58:11', '2023-05-13 15:58:11');
INSERT INTO `tbl_ay` VALUES (2212, -0.63906, 27, '2023-05-13 15:58:11', '2023-05-13 15:58:11');
INSERT INTO `tbl_ay` VALUES (2213, -0.63906, 27, '2023-05-13 15:58:11', '2023-05-13 15:58:11');
INSERT INTO `tbl_ay` VALUES (2214, -0.70776, 27, '2023-05-13 15:58:11', '2023-05-13 15:58:11');
INSERT INTO `tbl_ay` VALUES (2215, -0.81767, 27, '2023-05-13 15:58:11', '2023-05-13 15:58:11');
INSERT INTO `tbl_ay` VALUES (2216, -0.77645, 27, '2023-05-13 15:58:11', '2023-05-13 15:58:11');
INSERT INTO `tbl_ay` VALUES (2217, -0.77645, 27, '2023-05-13 15:58:11', '2023-05-13 15:58:11');
INSERT INTO `tbl_ay` VALUES (2218, -0.68028, 27, '2023-05-13 15:58:11', '2023-05-13 15:58:11');
INSERT INTO `tbl_ay` VALUES (2219, -0.50168, 27, '2023-05-13 15:58:11', '2023-05-13 15:58:11');
INSERT INTO `tbl_ay` VALUES (2220, -0.61159, 27, '2023-05-13 15:58:11', '2023-05-13 15:58:11');
INSERT INTO `tbl_ay` VALUES (2221, -0.46046, 27, '2023-05-13 15:58:11', '2023-05-13 15:58:11');
INSERT INTO `tbl_ay` VALUES (2222, -0.35055, 27, '2023-05-13 15:58:11', '2023-05-13 15:58:11');
INSERT INTO `tbl_ay` VALUES (2223, -0.14447, 27, '2023-05-13 15:58:11', '2023-05-13 15:58:11');
INSERT INTO `tbl_ay` VALUES (2224, -0.39177, 27, '2023-05-13 15:58:11', '2023-05-13 15:58:11');
INSERT INTO `tbl_ay` VALUES (2225, -0.50168, 27, '2023-05-13 15:58:11', '2023-05-13 15:58:11');
INSERT INTO `tbl_ay` VALUES (2226, -0.52915, 27, '2023-05-13 15:58:11', '2023-05-13 15:58:11');
INSERT INTO `tbl_ay` VALUES (2227, -0.52915, 27, '2023-05-13 15:58:11', '2023-05-13 15:58:11');
INSERT INTO `tbl_ay` VALUES (2228, -0.68028, 27, '2023-05-13 15:58:11', '2023-05-13 15:58:11');
INSERT INTO `tbl_ay` VALUES (2229, -0.57037, 27, '2023-05-13 15:58:11', '2023-05-13 15:58:11');
INSERT INTO `tbl_ay` VALUES (2230, -0.68028, 27, '2023-05-13 15:58:11', '2023-05-13 15:58:11');
INSERT INTO `tbl_ay` VALUES (2231, -0.68028, 27, '2023-05-13 15:58:11', '2023-05-13 15:58:11');
INSERT INTO `tbl_ay` VALUES (2232, -0.68028, 27, '2023-05-13 15:58:11', '2023-05-13 15:58:11');
INSERT INTO `tbl_ay` VALUES (2233, -0.50168, 27, '2023-05-13 15:58:11', '2023-05-13 15:58:11');
INSERT INTO `tbl_ay` VALUES (2234, -0.35055, 27, '2023-05-13 15:58:11', '2023-05-13 15:58:11');
INSERT INTO `tbl_ay` VALUES (2235, -0.25438, 27, '2023-05-13 15:58:11', '2023-05-13 15:58:11');
INSERT INTO `tbl_ay` VALUES (2236, -0.28186, 27, '2023-05-13 15:58:11', '2023-05-13 15:58:11');
INSERT INTO `tbl_ay` VALUES (2237, -0.21316, 27, '2023-05-13 15:58:11', '2023-05-13 15:58:11');
INSERT INTO `tbl_ay` VALUES (2238, -0.25438, 27, '2023-05-13 15:58:11', '2023-05-13 15:58:11');
INSERT INTO `tbl_ay` VALUES (2239, -0.25438, 27, '2023-05-13 15:58:11', '2023-05-13 15:58:11');
INSERT INTO `tbl_ay` VALUES (2240, -0.39177, 27, '2023-05-13 15:58:11', '2023-05-13 15:58:11');
INSERT INTO `tbl_ay` VALUES (2241, -0.32307, 27, '2023-05-13 15:58:11', '2023-05-13 15:58:11');
INSERT INTO `tbl_ay` VALUES (2242, -0.39177, 27, '2023-05-13 15:58:11', '2023-05-13 15:58:11');
INSERT INTO `tbl_ay` VALUES (2243, -0.32307, 27, '2023-05-13 15:58:11', '2023-05-13 15:58:11');
INSERT INTO `tbl_ay` VALUES (2244, -0.28186, 27, '2023-05-13 15:58:11', '2023-05-13 15:58:11');
INSERT INTO `tbl_ay` VALUES (2245, -0.39177, 27, '2023-05-13 15:58:11', '2023-05-13 15:58:11');
INSERT INTO `tbl_ay` VALUES (2246, -0.43298, 27, '2023-05-13 15:58:11', '2023-05-13 15:58:11');
INSERT INTO `tbl_ay` VALUES (2247, -0.46046, 27, '2023-05-13 15:58:11', '2023-05-13 15:58:11');
INSERT INTO `tbl_ay` VALUES (2248, -0.32307, 27, '2023-05-13 15:58:11', '2023-05-13 15:58:11');
INSERT INTO `tbl_ay` VALUES (2249, -0.25438, 27, '2023-05-13 15:58:11', '2023-05-13 15:58:11');
INSERT INTO `tbl_ay` VALUES (2250, -0.35055, 27, '2023-05-13 15:58:11', '2023-05-13 15:58:11');
INSERT INTO `tbl_ay` VALUES (2251, -0.46046, 27, '2023-05-13 15:58:11', '2023-05-13 15:58:11');
INSERT INTO `tbl_ay` VALUES (2252, -0.28186, 27, '2023-05-13 15:58:11', '2023-05-13 15:58:11');
INSERT INTO `tbl_ay` VALUES (2253, -0.52915, 27, '2023-05-13 15:58:11', '2023-05-13 15:58:11');
INSERT INTO `tbl_ay` VALUES (2254, -0.28186, 27, '2023-05-13 15:58:11', '2023-05-13 15:58:11');
INSERT INTO `tbl_ay` VALUES (2255, -0.28186, 27, '2023-05-13 15:58:11', '2023-05-13 15:58:11');
INSERT INTO `tbl_ay` VALUES (2256, -0.14447, 27, '2023-05-13 15:58:11', '2023-05-13 15:58:11');
INSERT INTO `tbl_ay` VALUES (2257, -0.25438, 27, '2023-05-13 15:58:11', '2023-05-13 15:58:11');
INSERT INTO `tbl_ay` VALUES (2258, -0.21316, 27, '2023-05-13 15:58:11', '2023-05-13 15:58:11');
INSERT INTO `tbl_ay` VALUES (2259, -0.25438, 27, '2023-05-13 15:58:11', '2023-05-13 15:58:11');
INSERT INTO `tbl_ay` VALUES (2260, -0.21316, 27, '2023-05-13 15:58:11', '2023-05-13 15:58:11');
INSERT INTO `tbl_ay` VALUES (2261, -0.25438, 27, '2023-05-13 15:58:11', '2023-05-13 15:58:11');
INSERT INTO `tbl_ay` VALUES (2262, -0.25438, 27, '2023-05-13 15:58:11', '2023-05-13 15:58:11');
INSERT INTO `tbl_ay` VALUES (2263, -0.07577, 27, '2023-05-13 15:58:11', '2023-05-13 15:58:11');
INSERT INTO `tbl_ay` VALUES (2264, -0.03456, 27, '2023-05-13 15:58:11', '2023-05-13 15:58:11');
INSERT INTO `tbl_ay` VALUES (2265, -0.00708, 27, '2023-05-13 15:58:11', '2023-05-13 15:58:11');
INSERT INTO `tbl_ay` VALUES (2266, -0.25438, 27, '2023-05-13 15:58:11', '2023-05-13 15:58:11');
INSERT INTO `tbl_ay` VALUES (2267, -0.25438, 27, '2023-05-13 15:58:11', '2023-05-13 15:58:11');
INSERT INTO `tbl_ay` VALUES (2268, -0.03456, 27, '2023-05-13 15:58:11', '2023-05-13 15:58:11');
INSERT INTO `tbl_ay` VALUES (2269, -0.21316, 27, '2023-05-13 15:58:11', '2023-05-13 15:58:11');
INSERT INTO `tbl_ay` VALUES (2270, -0.07577, 27, '2023-05-13 15:58:11', '2023-05-13 15:58:11');
INSERT INTO `tbl_ay` VALUES (2271, 0.14405, 27, '2023-05-13 15:58:11', '2023-05-13 15:58:11');
INSERT INTO `tbl_ay` VALUES (2272, 0.14405, 27, '2023-05-13 15:58:11', '2023-05-13 15:58:11');
INSERT INTO `tbl_ay` VALUES (2273, -0.03456, 27, '2023-05-13 15:58:11', '2023-05-13 15:58:11');

-- ----------------------------
-- Table structure for tbl_user
-- ----------------------------
DROP TABLE IF EXISTS `tbl_user`;
CREATE TABLE `tbl_user`  (
  `id` int UNSIGNED NOT NULL AUTO_INCREMENT COMMENT '主键id',
  `account` varchar(255) CHARACTER SET utf8mb4 COLLATE utf8mb4_0900_ai_ci NOT NULL DEFAULT '' COMMENT '用户名',
  `password` varchar(255) CHARACTER SET utf8mb4 COLLATE utf8mb4_0900_ai_ci NOT NULL DEFAULT '' COMMENT '密码',
  `salt` varchar(255) CHARACTER SET utf8mb4 COLLATE utf8mb4_0900_ai_ci NOT NULL DEFAULT '' COMMENT '盐值',
  `roles` varchar(255) CHARACTER SET utf8mb4 COLLATE utf8mb4_0900_ai_ci NOT NULL DEFAULT '1' COMMENT '角色id，使用‘，’分隔',
  `create_time` datetime NULL DEFAULT CURRENT_TIMESTAMP COMMENT '创建时间',
  `update_time` datetime NULL DEFAULT CURRENT_TIMESTAMP ON UPDATE CURRENT_TIMESTAMP COMMENT '更新时间',
  PRIMARY KEY (`id`) USING BTREE,
  UNIQUE INDEX `uniq_name`(`account` ASC) USING BTREE COMMENT '用户名唯一主键'
) ENGINE = InnoDB AUTO_INCREMENT = 2 CHARACTER SET = utf8mb4 COLLATE = utf8mb4_0900_ai_ci ROW_FORMAT = Dynamic;

-- ----------------------------
-- Records of tbl_user
-- ----------------------------
INSERT INTO `tbl_user` VALUES (1, 'why', '9a000e68faf73203f9dac0cad075e690d022e415465171540dfa2c152a3075450ea41034bc045d217cf3c1c5b0c6ac4a', '9869c836-1788-45cd-8e9d-f3958a655d6a', '1', '2023-04-30 01:25:19', '2023-04-30 01:25:19');

-- ----------------------------
-- Table structure for tbl_user_role
-- ----------------------------
DROP TABLE IF EXISTS `tbl_user_role`;
CREATE TABLE `tbl_user_role`  (
  `id` int UNSIGNED NOT NULL AUTO_INCREMENT COMMENT '主键id',
  `role_name` varchar(255) CHARACTER SET utf8mb4 COLLATE utf8mb4_0900_ai_ci NOT NULL DEFAULT '' COMMENT '角色名称',
  `create_time` datetime NULL DEFAULT CURRENT_TIMESTAMP COMMENT '创建时间',
  `update_time` datetime NULL DEFAULT CURRENT_TIMESTAMP ON UPDATE CURRENT_TIMESTAMP COMMENT '更新时间',
  PRIMARY KEY (`id`) USING BTREE,
  UNIQUE INDEX `uniq_role_name`(`role_name` ASC) USING BTREE COMMENT '角色名称唯一键'
) ENGINE = InnoDB AUTO_INCREMENT = 3 CHARACTER SET = utf8mb4 COLLATE = utf8mb4_0900_ai_ci ROW_FORMAT = Dynamic;

-- ----------------------------
-- Records of tbl_user_role
-- ----------------------------
INSERT INTO `tbl_user_role` VALUES (1, 'user', '2023-04-30 01:25:26', '2023-04-30 01:25:26');
INSERT INTO `tbl_user_role` VALUES (2, 'admin', '2023-04-30 01:25:26', '2023-04-30 01:25:26');

-- ----------------------------
-- Table structure for tbl_vehicle
-- ----------------------------
DROP TABLE IF EXISTS `tbl_vehicle`;
CREATE TABLE `tbl_vehicle`  (
  `id` int UNSIGNED NOT NULL AUTO_INCREMENT COMMENT '主键id',
  `vehicle_number` varchar(20) CHARACTER SET utf8mb4 COLLATE utf8mb4_0900_ai_ci NULL DEFAULT NULL COMMENT '车牌号',
  `vehicle_owner` varchar(50) CHARACTER SET utf8mb4 COLLATE utf8mb4_0900_ai_ci NULL DEFAULT NULL COMMENT '车主姓名',
  `vehicle_type` int NULL DEFAULT NULL COMMENT '车辆类型',
  `vehicle_desc` varchar(255) CHARACTER SET utf8mb4 COLLATE utf8mb4_0900_ai_ci NULL DEFAULT NULL COMMENT '车辆描述',
  `create_time` datetime NULL DEFAULT CURRENT_TIMESTAMP COMMENT '创建时间',
  `update_time` datetime NULL DEFAULT CURRENT_TIMESTAMP ON UPDATE CURRENT_TIMESTAMP COMMENT '更新时间',
  PRIMARY KEY (`id`) USING BTREE,
  UNIQUE INDEX `uniq_number`(`vehicle_number` ASC) USING BTREE COMMENT '车牌号唯一索引'
) ENGINE = InnoDB AUTO_INCREMENT = 19 CHARACTER SET = utf8mb4 COLLATE = utf8mb4_0900_ai_ci ROW_FORMAT = Dynamic;

-- ----------------------------
-- Records of tbl_vehicle
-- ----------------------------
INSERT INTO `tbl_vehicle` VALUES (11, 'cnbfgn', 'cjlv', 2, '1', '2023-05-13 02:13:54', '2023-05-13 02:41:54');
INSERT INTO `tbl_vehicle` VALUES (13, '甘A-12348', 'cjlv', 2, '1', '2023-05-13 02:26:40', '2023-05-13 02:41:54');
INSERT INTO `tbl_vehicle` VALUES (14, '甘A-123419', 'cjlv', 2, '1', '2023-05-13 02:27:41', '2023-05-13 02:41:54');
INSERT INTO `tbl_vehicle` VALUES (15, '甘A-12345c', 'cjlv', 1, '1', '2023-05-13 02:33:35', '2023-05-13 02:47:56');
INSERT INTO `tbl_vehicle` VALUES (16, '甘A-12346cc', 'cjlv', 2, '1', '2023-05-13 02:33:49', '2023-05-13 02:41:54');
INSERT INTO `tbl_vehicle` VALUES (17, '甘A-12346vvvvv', 'cjlv', 2, '1', '2023-05-13 02:35:46', '2023-05-13 02:41:54');

-- ----------------------------
-- Table structure for tbl_vehicle_type
-- ----------------------------
DROP TABLE IF EXISTS `tbl_vehicle_type`;
CREATE TABLE `tbl_vehicle_type`  (
  `id` int UNSIGNED NOT NULL AUTO_INCREMENT COMMENT '主键id',
  `vehicle_type` varchar(20) CHARACTER SET utf8mb4 COLLATE utf8mb4_0900_ai_ci NULL DEFAULT NULL COMMENT '车辆类型',
  `create_time` datetime NULL DEFAULT CURRENT_TIMESTAMP COMMENT '创建时间',
  `update_time` datetime NULL DEFAULT CURRENT_TIMESTAMP ON UPDATE CURRENT_TIMESTAMP COMMENT '更新时间',
  PRIMARY KEY (`id`) USING BTREE,
  UNIQUE INDEX `uniq_type`(`vehicle_type` ASC) USING BTREE COMMENT '车辆类型唯一索引'
) ENGINE = InnoDB AUTO_INCREMENT = 5 CHARACTER SET = utf8mb4 COLLATE = utf8mb4_0900_ai_ci ROW_FORMAT = Dynamic;

-- ----------------------------
-- Records of tbl_vehicle_type
-- ----------------------------
INSERT INTO `tbl_vehicle_type` VALUES (1, '小型汽车', '2023-04-30 16:04:26', '2023-04-30 16:04:34');
INSERT INTO `tbl_vehicle_type` VALUES (2, '大型客车', '2023-04-30 16:04:51', '2023-04-30 16:04:51');
INSERT INTO `tbl_vehicle_type` VALUES (3, '小型货运汽车', '2023-04-30 16:04:59', '2023-04-30 16:04:59');
INSERT INTO `tbl_vehicle_type` VALUES (4, '大型货运汽车', '2023-04-30 16:05:09', '2023-04-30 16:05:09');

SET FOREIGN_KEY_CHECKS = 1;
